,World Rank,Region Rank,Year Score,Property Rights,Freedom from Corruption,Fiscal Freedom ,Gov Spending,Business Freedom,Labor Freedom,Monetary Freedom,Trade Freedom,Investment Freedom,Financial Freedom,Tariff Rate (%),Income Tax Rate (%),Corporate Tax Rate (%),Tax Burden % of GDP,Gov Expenditure % of GDP,Population (Millions),"GDP (Billions, PPP)",GDP Growth Rate (%),5 Year GDP Growth Rate (%),GDP per Capita (PPP),Unemployment (%),Inflation (%),FDI Inflow (Millions),Public Debt (% of GDP),Score Category,Asia-Pacific,Europe,Middle East / North Africa,North America,South and Central America / Caribbean,Sub-Saharan Africa
1,58.0,27.0,65.2,30.0,31.0,92.6,75.1,81.0,49.0,78.4,79.8,65.0,70.0,5.1,10.0,10.0,23.3,28.8,3.2,24.9,2.0,4.4,7741.0,13.5,3.4,1031.4,58.9,3,0,1,0,0,0,0
2,145.0,14.0,49.6,30.0,29.0,80.4,44.1,65.2,52.6,76.6,67.8,20.0,30.0,8.6,35.0,25.0,10.4,43.1,36.0,263.7,2.5,2.7,7333.0,10.0,4.5,2571.0,9.9,5,0,0,1,0,0,0
4,160.0,27.0,46.7,15.0,30.0,64.3,52.1,60.1,47.4,60.4,67.6,40.0,30.0,6.2,35.0,35.0,33.5,40.0,40.9,716.4,8.9,6.8,17516.0,7.2,9.8,7243.1,44.2,5,0,0,0,0,1,0
5,38.0,17.0,69.4,30.0,26.0,88.0,82.1,87.6,77.1,73.0,85.4,75.0,70.0,2.3,20.0,20.0,20.0,24.4,3.3,17.9,4.4,2.2,5384.0,5.9,7.7,524.6,35.1,3,0,1,0,0,0,0
6,3.0,3.0,82.6,90.0,88.0,66.4,62.8,95.5,83.5,83.8,86.2,80.0,90.0,1.9,45.0,30.0,20.9,35.2,22.7,914.5,2.0,2.6,40234.0,5.1,3.4,41316.7,22.9,1,1,0,0,0,0,0
7,25.0,14.0,71.8,90.0,78.0,51.1,23.5,73.6,80.4,79.3,86.8,85.0,70.0,1.6,50.0,25.0,42.0,50.5,8.4,352.0,3.1,1.3,41822.0,4.5,3.6,14127.9,72.2,2,0,1,0,0,0,0
8,88.0,14.0,59.7,25.0,24.0,85.5,67.8,69.2,79.4,73.5,77.2,55.0,40.0,3.9,30.0,20.0,12.4,32.8,9.1,93.1,0.1,9.7,10202.0,1.0,7.9,1465.0,10.2,4,1,0,0,0,0,0
9,35.0,3.0,70.1,70.0,73.0,97.0,84.9,71.3,81.6,75.8,47.0,30.0,70.0,21.5,0.0,0.0,17.4,22.4,0.3,10.8,2.0,-0.5,30959.0,13.7,2.5,1533.3,48.6,2,0,0,0,0,1,0
10,12.0,1.0,75.5,55.0,51.0,99.9,72.4,75.8,90.4,72.5,82.8,75.0,80.0,3.6,0.0,0.0,3.9,30.3,1.1,31.1,1.8,4.8,27556.0,4.0,1.0,780.9,36.5,2,0,0,1,0,0,0
11,132.0,28.0,52.6,20.0,27.0,72.7,92.1,68.0,51.9,65.4,54.0,55.0,20.0,13.0,25.0,45.0,9.0,16.2,166.7,282.2,6.1,6.1,1693.0,5.0,10.7,1136.4,42.9,4,1,0,0,0,0,0
12,39.0,6.0,69.3,80.0,78.0,74.5,54.2,74.8,84.4,72.1,60.5,55.0,60.0,14.8,35.0,25.0,26.5,39.1,0.3,6.5,0.5,0.0,23417.0,11.2,9.4,333.6,117.3,3,0,0,0,0,1,0
14,40.0,18.0,69.2,80.0,75.0,45.0,14.5,91.6,69.8,79.3,86.8,80.0,70.0,1.6,50.0,33.0,43.8,53.4,11.0,413.3,1.9,1.0,37737.0,7.4,3.5,89142.4,98.5,3,0,1,0,0,0,0
15,102.0,20.0,57.3,30.0,0.0,82.2,72.6,72.6,71.4,77.3,77.2,40.0,50.0,6.4,25.0,25.0,23.1,30.2,0.3,2.8,2.5,2.0,8264.0,13.1,1.9,93.8,80.3,4,0,0,0,0,1,0
17,122.0,25.0,55.0,60.0,57.0,82.7,38.8,60.5,84.4,67.3,49.5,20.0,30.0,17.8,25.0,30.0,14.4,45.2,0.7,4.3,5.9,9.1,6112.0,4.0,8.6,13.9,82.0,4,1,0,0,0,0,0
18,156.0,25.0,47.9,10.0,28.0,88.8,64.1,55.8,30.8,67.4,74.3,10.0,50.0,5.4,13.0,25.0,18.0,34.6,10.6,50.9,5.1,4.8,4789.0,5.8,9.9,858.9,32.9,5,0,0,0,0,1,0
19,103.0,38.0,57.3,20.0,32.0,83.2,26.9,54.3,61.2,79.0,86.4,70.0,60.0,1.8,10.0,10.0,38.5,49.4,3.9,31.6,1.7,2.2,8133.0,43.3,3.7,435.1,40.6,4,0,1,0,0,0,0
20,30.0,2.0,70.6,70.0,61.0,79.5,65.1,69.0,69.8,72.0,79.7,70.0,70.0,5.2,25.0,22.0,30.7,34.1,1.9,29.7,4.6,2.8,16030.0,7.5,8.5,587.1,17.3,2,0,0,0,0,0,1
21,100.0,19.0,57.7,50.0,38.0,70.3,54.8,53.0,57.2,74.4,69.7,50.0,60.0,7.6,27.5,34.0,32.5,38.8,194.9,2294.2,2.7,4.2,11769.0,6.0,6.6,66660.1,66.2,4,0,0,0,0,1,0
22,60.0,29.0,65.0,30.0,33.0,94.0,64.2,73.6,74.8,78.6,86.8,55.0,60.0,1.6,10.0,10.0,19.9,34.6,7.4,101.0,1.7,1.7,13597.0,9.6,3.4,1864.5,17.0,3,0,1,0,0,0,0
24,172.0,40.0,39.2,10.0,15.0,81.9,96.8,20.0,20.0,65.1,73.6,0.0,10.0,3.2,30.0,30.0,3.2,10.4,62.4,82.7,5.5,6.3,1325.0,5.5,4.2,850.0,44.3,5,1,0,0,0,0,0
26,95.0,16.0,58.5,30.0,21.0,90.9,88.4,39.4,54.2,81.3,70.2,60.0,50.0,9.9,20.0,20.0,10.7,19.7,15.1,33.5,6.1,5.8,2216.0,3.5,5.5,891.7,28.6,4,1,0,0,0,0,0
28,6.0,1.0,79.4,90.0,87.0,79.8,44.8,91.7,82.3,75.2,88.2,75.0,80.0,0.9,29.0,15.0,31.0,42.9,34.4,1396.1,2.5,1.1,40541.0,7.4,2.9,40931.5,85.0,2,0,0,0,1,0,0
29,65.0,4.0,63.7,70.0,55.0,77.9,65.4,58.9,40.3,78.0,66.9,65.0,60.0,11.6,35.0,25.0,19.1,33.9,0.5,2.1,5.0,5.8,3947.0,10.7,4.5,93.1,77.6,3,0,0,0,0,0,1
32,7.0,1.0,79.0,90.0,72.0,77.6,83.7,70.5,74.2,84.6,82.0,85.0,70.0,4.0,40.0,18.5,17.3,23.3,17.4,299.6,5.9,3.9,17222.0,6.1,3.3,17299.0,9.9,2,0,0,0,0,1,0
33,136.0,29.0,51.9,20.0,36.0,70.2,83.3,48.0,62.6,71.6,72.0,25.0,30.0,4.0,45.0,25.0,18.2,23.6,1348.1,11300.0,9.2,10.5,8382.0,6.5,5.4,123985.0,25.8,4,1,0,0,0,0,0
34,37.0,5.0,69.6,50.0,34.0,76.1,75.2,90.2,79.3,78.7,72.2,70.0,70.0,8.9,33.0,33.0,14.4,28.7,46.1,472.0,5.9,4.4,10249.0,10.9,3.4,13234.2,34.7,3,0,0,0,0,1,0
38,49.0,8.0,67.0,50.0,48.0,82.9,90.1,58.3,60.4,75.4,85.1,70.0,50.0,2.4,25.0,30.0,13.5,18.2,4.6,55.0,4.2,3.7,11927.0,7.7,4.9,2104.1,30.8,3,0,0,0,0,1,0
40,78.0,35.0,61.3,40.0,40.0,75.4,48.7,63.0,42.4,81.1,87.5,75.0,60.0,1.2,40.0,20.0,21.4,41.4,4.4,80.3,-0.0,-0.1,18192.0,17.7,2.3,1494.1,45.6,3,0,1,0,0,0,0
42,41.0,19.0,69.0,70.0,63.0,79.8,32.7,80.7,62.8,84.1,81.8,75.0,60.0,1.6,35.0,10.0,26.3,47.4,0.8,23.7,0.5,1.7,29074.0,5.6,3.5,276.3,71.8,3,0,1,0,0,0,0
43,29.0,15.0,70.9,70.0,44.0,82.0,43.5,65.8,85.5,81.7,86.8,70.0,80.0,1.6,15.0,19.0,34.9,43.4,10.5,285.0,1.7,1.6,27062.0,6.7,1.9,5404.5,41.5,2,0,1,0,0,0,0
44,9.0,2.0,76.1,90.0,94.0,39.8,5.9,98.4,91.1,80.0,86.8,85.0,90.0,1.6,55.4,25.0,48.2,56.0,5.6,206.6,1.1,-0.6,37152.0,8.0,2.8,14770.8,46.4,2,0,1,0,0,0,0
46,64.0,12.0,63.9,60.0,52.0,72.0,50.1,77.0,68.8,85.3,74.3,70.0,30.0,7.9,35.0,30.0,26.0,40.8,0.1,1.0,0.5,2.3,13816.0,23.0,2.3,24.9,69.9,3,0,0,0,0,1,0
47,87.0,17.0,59.7,30.0,26.0,83.7,92.6,53.7,55.6,72.9,77.8,65.0,40.0,6.1,25.0,29.0,12.8,15.7,10.1,93.4,4.5,5.9,9287.0,14.6,8.5,2371.1,29.3,4,0,0,0,0,1,0
48,159.0,26.0,46.9,20.0,27.0,80.1,47.3,51.5,48.0,66.9,68.1,20.0,40.0,6.0,35.0,23.0,15.2,41.9,15.0,127.4,7.8,4.2,8492.0,4.9,4.5,567.8,18.0,5,0,0,0,0,1,0
49,125.0,13.0,54.8,35.0,29.0,85.6,69.4,63.3,43.3,58.4,73.8,50.0,40.0,8.1,25.0,25.0,13.9,32.0,79.4,519.0,1.8,5.1,6540.0,12.2,11.1,-482.7,76.4,4,0,0,1,0,0,0
50,53.0,10.0,66.7,40.0,34.0,85.7,85.4,61.8,62.0,79.6,79.0,70.0,70.0,5.5,25.0,25.0,13.6,22.1,5.9,44.6,1.4,0.9,7550.0,7.0,3.6,385.5,50.8,3,0,0,0,0,1,0
51,170.0,43.0,42.3,15.0,19.0,75.4,39.3,44.4,43.1,72.8,58.8,25.0,30.0,15.6,35.0,35.0,2.4,45.0,1.4,26.1,7.1,8.6,19356.0,22.3,7.3,737.1,8.4,5,0,0,0,0,0,1
53,13.0,4.0,75.3,85.0,64.0,79.7,56.2,78.2,56.0,77.1,86.8,90.0,80.0,1.6,21.0,21.0,34.0,38.2,1.3,27.3,7.6,-0.5,20380.0,10.1,5.1,257.1,6.0,2,0,1,0,0,0,0
56,16.0,7.0,74.0,90.0,94.0,66.9,12.2,94.8,45.3,79.5,86.8,90.0,80.0,1.6,30.5,24.5,42.1,54.1,5.4,195.7,2.9,0.7,36236.0,7.9,3.3,53.8,48.6,2,0,1,0,0,0,0
57,62.0,30.0,64.1,80.0,70.0,53.0,5.6,84.0,50.5,81.1,81.8,65.0,70.0,1.6,41.0,34.4,42.9,56.1,63.1,2217.9,1.7,0.5,35156.0,10.6,2.3,40945.0,86.3,3,0,1,0,0,0,0
60,21.0,11.0,72.2,45.0,41.0,88.2,68.9,90.6,91.1,72.6,89.2,75.0,60.0,0.4,20.0,15.0,23.5,32.2,4.5,24.5,7.0,4.7,5491.0,16.3,8.5,974.6,33.9,2,0,1,0,0,0,0
61,19.0,10.0,72.8,90.0,80.0,61.8,37.3,92.1,43.8,81.2,86.8,85.0,70.0,1.6,47.5,15.8,36.3,45.7,81.8,3099.1,3.1,1.1,37897.0,5.5,2.5,40402.1,81.5,2,0,1,0,0,0,0
63,117.0,40.0,55.4,40.0,34.0,66.2,24.7,77.1,42.1,73.4,81.8,65.0,50.0,1.6,45.0,20.0,30.9,50.1,11.2,294.3,-6.9,-2.2,26294.0,24.4,3.1,1822.9,160.8,4,0,1,0,0,0,0
64,85.0,16.0,60.0,30.0,27.0,79.6,93.6,50.8,48.7,75.5,85.2,60.0,50.0,2.4,31.0,31.0,10.8,14.7,14.7,74.7,3.8,3.3,5070.0,4.1,6.2,984.6,24.1,3,0,0,0,0,1,0
67,129.0,22.0,53.8,30.0,25.0,67.9,61.1,66.3,75.4,75.9,71.2,35.0,30.0,6.9,33.3,40.0,22.3,36.0,0.8,5.8,4.2,4.2,7466.0,11.0,5.7,165.3,61.8,4,0,0,0,0,1,0
68,152.0,24.0,48.1,10.0,18.0,80.7,66.3,33.4,63.6,74.2,74.8,30.0,30.0,5.1,30.0,30.0,11.5,33.5,10.0,12.4,5.6,1.4,1235.0,40.6,7.4,181.0,10.6,5,0,0,0,0,1,0
69,96.0,18.0,58.4,30.0,26.0,85.3,79.2,61.0,26.8,73.9,77.1,65.0,60.0,6.5,25.0,25.0,14.8,26.3,8.2,35.7,3.6,2.9,4345.0,5.1,6.8,1014.4,28.1,4,0,0,0,0,1,0
70,1.0,1.0,89.3,90.0,84.0,92.9,88.9,98.9,86.2,82.1,90.0,90.0,90.0,0.0,15.0,16.5,14.5,19.2,7.1,351.1,5.0,3.6,49137.0,3.4,5.3,83155.6,33.9,1,1,0,0,0,0,0
71,48.0,24.0,67.3,65.0,46.0,79.7,29.7,79.1,64.4,77.1,86.8,75.0,70.0,1.6,16.0,19.0,37.6,48.4,10.0,195.6,1.7,-0.6,19591.0,10.7,3.9,4697.6,80.4,3,0,1,0,0,0,0
72,23.0,13.0,72.1,90.0,83.0,72.7,36.2,91.5,58.9,75.8,87.8,65.0,60.0,1.1,31.8,20.0,36.3,46.1,0.3,12.4,3.1,-0.2,38061.0,6.7,4.0,1013.2,99.2,2,0,1,0,0,0,0
73,119.0,23.0,55.2,50.0,31.0,78.3,77.9,37.3,73.6,65.3,63.6,35.0,40.0,8.2,30.9,34.0,7.4,27.1,1206.9,4457.8,7.2,8.1,3694.0,9.8,8.6,31554.0,68.1,4,1,0,0,0,0,0
74,108.0,20.0,56.9,30.0,30.0,83.4,89.2,50.2,50.8,75.5,75.0,35.0,50.0,2.5,30.0,25.0,11.6,19.0,241.0,1124.6,6.5,5.9,4666.0,6.6,5.4,18906.0,25.0,4,1,0,0,0,0,0
75,168.0,15.0,43.2,10.0,27.0,80.8,80.5,65.3,55.0,58.0,45.7,0.0,10.0,19.6,35.0,25.0,8.4,25.5,75.9,990.2,2.0,3.7,13053.0,15.3,21.3,4150.0,12.7,5,0,0,1,0,0,0
77,11.0,3.0,75.7,90.0,75.0,73.8,28.8,83.4,76.6,82.8,86.8,90.0,70.0,1.6,41.0,12.5,28.0,48.7,4.6,181.6,0.7,-1.0,39639.0,15.0,1.1,13102.0,105.0,2,0,1,0,0,0,0
78,51.0,6.0,66.9,70.0,58.0,60.2,39.3,66.1,63.7,78.6,83.0,80.0,70.0,3.5,48.0,25.0,32.4,45.0,7.6,235.2,4.7,4.0,30975.0,6.9,3.5,11374.1,74.3,3,0,0,1,0,0,0
79,83.0,36.0,60.6,50.0,39.0,55.5,25.3,76.9,52.0,80.2,86.8,80.0,60.0,1.6,43.0,27.5,43.0,49.9,60.6,1847.0,0.4,-0.6,30464.0,10.7,2.9,29059.4,120.1,3,0,1,0,0,0,0
80,52.0,9.0,66.8,40.0,33.0,77.5,67.7,84.3,69.3,76.1,75.0,85.0,60.0,7.5,25.0,33.3,22.7,32.8,2.7,24.8,1.5,-0.5,9029.0,12.6,7.5,242.2,139.0,3,0,0,0,0,1,0
81,24.0,6.0,71.8,80.0,80.0,69.2,45.0,81.3,80.3,90.6,81.8,60.0,50.0,1.6,40.0,25.5,28.8,42.8,127.8,4440.4,-0.7,-0.2,34740.0,4.2,-0.3,-1758.3,229.8,2,1,0,0,0,0,0
82,33.0,4.0,70.4,60.0,45.0,93.6,68.8,69.2,75.5,82.0,79.6,70.0,60.0,5.2,14.0,14.0,15.9,32.3,6.3,36.9,2.5,5.1,5900.0,12.3,4.4,1469.0,69.8,2,0,0,1,0,0,0
83,68.0,11.0,63.0,35.0,27.0,93.2,84.5,71.8,88.4,72.2,78.2,30.0,50.0,3.4,10.0,20.0,13.4,22.8,16.7,216.8,7.5,5.6,13001.0,5.4,8.3,12910.5,10.9,3,1,0,0,0,0,0
84,114.0,18.0,55.9,30.0,22.0,77.5,73.5,58.0,57.1,73.8,66.7,50.0,50.0,9.2,30.0,30.0,21.3,29.7,40.9,71.4,5.0,4.3,1746.0,40.0,14.0,335.2,48.9,4,0,0,0,0,0,1
87,34.0,8.0,70.3,70.0,54.0,73.0,72.8,93.6,48.7,77.9,72.6,70.0,70.0,8.7,38.5,24.2,25.1,30.1,49.0,1554.1,3.6,3.5,31714.0,3.4,4.0,4660.9,34.1,2,1,0,0,0,0,0
90,89.0,15.0,59.6,20.0,21.0,94.8,56.4,73.2,88.6,66.7,75.4,50.0,50.0,2.3,10.0,10.0,17.9,38.1,5.5,13.1,5.7,4.8,2372.0,8.6,16.6,693.5,52.4,4,1,0,0,0,0,0
91,144.0,33.0,50.1,15.0,22.0,79.7,85.8,62.1,54.7,73.0,58.7,30.0,20.0,13.2,25.0,35.0,13.3,21.8,6.6,17.4,8.3,7.9,2659.0,2.5,8.7,450.0,57.4,4,1,0,0,0,0,0
92,55.0,25.0,66.5,50.0,42.0,84.4,53.6,75.7,64.4,78.3,86.8,80.0,50.0,1.6,25.0,15.0,26.7,39.3,2.2,34.9,5.5,-1.7,15662.0,15.4,4.2,1562.1,37.8,3,0,1,0,0,0,0
98,22.0,12.0,72.1,60.0,48.0,92.8,53.6,77.6,64.1,78.3,86.8,80.0,80.0,1.6,15.0,15.0,16.5,39.3,3.3,61.6,5.9,0.7,18856.0,15.4,4.1,1217.1,39.0,2,0,1,0,0,0,0
99,15.0,6.0,74.2,90.0,85.0,65.0,47.1,74.8,39.0,79.3,86.8,95.0,80.0,1.6,41.0,21.8,36.7,42.0,0.5,41.2,1.0,1.1,80119.0,5.2,3.4,17530.1,20.8,2,0,1,0,0,0,0
101,43.0,21.0,68.2,35.0,39.0,91.4,69.1,80.3,78.4,84.0,84.6,60.0,60.0,2.7,10.0,10.0,25.7,32.1,2.1,21.3,3.0,3.0,10367.0,31.4,3.9,421.9,28.1,3,0,1,0,0,0,0
104,56.0,9.0,66.1,55.0,43.0,85.1,73.5,79.9,72.3,79.8,77.0,45.0,50.0,4.0,26.0,25.0,13.8,29.7,28.7,447.3,5.1,4.3,15568.0,3.1,3.2,11966.0,52.6,3,1,0,0,0,0,0
105,149.0,34.0,49.0,25.0,25.0,98.8,14.5,88.7,64.0,70.4,43.7,30.0,30.0,20.6,0.0,0.0,11.0,53.4,0.3,2.8,7.4,6.1,8731.0,14.5,12.1,281.6,69.1,5,1,0,0,0,0,0
107,47.0,23.0,67.5,75.0,56.0,61.2,44.1,61.1,65.4,80.4,86.8,85.0,60.0,1.6,35.0,35.0,37.8,43.2,0.4,10.8,2.1,2.0,25428.0,6.4,2.4,538.5,70.9,3,0,1,0,0,0,0
108,134.0,28.0,52.3,25.0,24.0,80.3,74.7,43.3,51.1,75.1,64.8,45.0,40.0,10.1,33.0,25.0,16.0,29.1,3.3,7.1,3.6,2.4,2179.0,35.0,5.7,45.2,92.4,4,0,0,0,0,0,1
109,8.0,1.0,76.9,70.0,51.0,92.1,81.9,78.2,72.3,75.4,87.9,90.0,70.0,1.1,15.0,15.0,18.5,24.6,1.3,19.3,4.1,4.5,14954.0,7.8,6.5,273.4,50.6,2,0,0,0,0,0,1
110,50.0,3.0,67.0,50.0,30.0,81.1,79.4,81.4,59.7,77.7,80.6,70.0,60.0,2.2,30.0,30.0,9.6,26.2,113.7,1661.6,4.0,1.4,14610.0,5.3,3.4,19554.4,43.8,3,0,0,0,1,0,0
112,115.0,39.0,55.5,40.0,29.0,87.2,50.1,69.7,40.9,73.4,80.0,35.0,50.0,2.5,18.0,0.0,31.0,40.8,3.6,12.0,6.4,3.5,3373.0,6.7,7.7,274.0,23.4,4,0,1,0,0,0,0
113,75.0,12.0,61.7,30.0,27.0,82.5,62.6,70.4,79.2,75.6,79.8,50.0,60.0,5.1,10.0,25.0,31.9,35.3,2.8,13.3,17.3,8.1,4744.0,9.9,9.5,4714.6,41.3,3,1,0,0,0,0,0
114,70.0,33.0,62.6,40.0,40.0,92.4,41.5,72.7,71.4,79.9,83.0,55.0,50.0,3.5,9.0,9.0,24.4,44.2,0.6,7.2,2.5,3.2,11545.0,11.5,3.1,558.1,45.8,3,0,1,0,0,0,0
115,90.0,9.0,59.6,40.0,34.0,71.4,64.3,76.4,30.1,78.9,70.8,70.0,60.0,7.1,38.0,30.0,22.8,34.5,32.2,162.6,4.3,4.2,5052.0,8.9,0.9,2519.1,54.4,4,0,0,1,0,0,0
117,84.0,9.0,60.3,30.0,44.0,66.4,71.5,68.4,76.7,74.9,81.5,50.0,40.0,1.8,37.0,34.0,28.9,30.8,2.1,15.7,3.6,3.7,7363.0,51.2,5.8,899.7,21.9,3,0,0,0,0,0,1
118,141.0,31.0,50.4,30.0,22.0,85.8,89.2,57.2,44.3,75.1,60.8,10.0,30.0,12.1,25.0,25.0,13.2,18.9,28.5,37.8,3.5,4.4,1328.0,46.0,9.6,95.5,34.1,4,1,0,0,0,0,0
119,17.0,8.0,73.5,90.0,89.0,52.1,24.7,83.0,58.6,81.1,86.8,90.0,80.0,1.6,52.0,25.0,38.2,50.1,16.7,704.0,1.3,1.0,42183.0,5.3,2.5,17129.4,66.2,2,0,1,0,0,0,0
120,4.0,4.0,81.4,95.0,95.0,71.5,33.2,99.9,89.5,83.3,86.8,80.0,80.0,1.6,33.0,28.0,31.3,47.2,4.4,122.2,1.4,0.7,27668.0,6.6,4.0,3369.2,37.0,1,1,0,0,0,0,0
121,110.0,21.0,56.6,15.0,25.0,78.7,65.1,51.2,62.2,73.2,85.4,60.0,50.0,2.3,30.0,30.0,18.3,34.1,5.9,18.9,4.7,2.8,3206.0,8.0,8.1,967.9,72.0,4,0,0,0,0,1,0
123,120.0,21.0,55.1,30.0,24.0,82.6,74.6,55.7,67.2,73.3,63.9,40.0,40.0,10.6,24.0,30.0,16.3,29.1,160.3,413.4,7.2,7.0,2578.0,21.0,10.8,8915.0,17.9,4,0,0,0,0,0,1
124,31.0,16.0,70.5,90.0,90.0,51.0,40.3,92.6,44.7,76.9,89.3,70.0,60.0,0.4,47.8,28.0,42.8,44.6,5.0,265.9,1.7,0.7,53471.0,3.0,1.3,3568.8,49.6,2,0,1,0,0,0,0
126,121.0,24.0,55.1,30.0,25.0,80.5,89.0,70.7,47.9,67.0,66.0,35.0,40.0,9.5,25.0,35.0,10.1,19.1,175.3,488.6,2.4,3.7,2787.0,5.6,13.7,1327.0,60.1,4,1,0,0,0,0,0
127,71.0,13.0,62.5,30.0,33.0,86.2,77.8,72.5,40.1,75.9,74.8,65.0,70.0,7.6,25.0,25.0,11.4,27.2,3.6,50.6,10.6,8.8,14097.0,4.5,5.9,2789.8,37.8,3,0,0,0,0,1,0
128,130.0,26.0,53.6,20.0,22.0,67.4,72.3,58.3,73.4,72.4,85.0,35.0,30.0,2.5,42.0,30.0,24.4,30.4,6.7,16.9,8.9,7.3,2532.0,1.9,8.4,-309.2,25.2,4,1,0,0,0,0,0
129,80.0,15.0,61.1,30.0,22.0,95.9,85.4,59.1,25.6,79.8,82.7,70.0,60.0,3.7,10.0,10.0,14.5,22.1,6.5,35.3,3.8,5.3,5413.0,6.6,6.6,303.0,13.7,3,0,0,0,0,1,0
130,44.0,7.0,68.2,40.0,34.0,79.9,89.1,72.3,67.1,84.3,85.0,70.0,60.0,2.5,30.0,30.0,14.5,19.1,30.0,302.0,6.9,7.0,10062.0,7.9,3.4,8232.6,21.6,3,0,0,0,0,1,0
131,97.0,17.0,58.2,30.0,26.0,79.3,90.2,53.1,51.0,76.6,75.5,50.0,50.0,4.8,32.0,30.0,12.1,18.1,95.9,390.4,3.7,4.6,4073.0,7.0,4.8,1262.0,40.5,4,1,0,0,0,0,0
132,57.0,26.0,66.0,60.0,55.0,76.0,43.0,64.0,62.9,77.7,86.8,65.0,70.0,1.6,32.0,19.0,31.8,43.6,37.9,771.7,4.4,4.3,20334.0,10.1,4.3,15138.8,55.4,3,0,1,0,0,0,0
133,67.0,31.0,63.1,70.0,61.0,61.6,28.3,82.8,31.0,79.4,86.8,70.0,60.0,1.6,46.5,26.5,31.3,48.9,10.7,249.0,-1.5,-0.1,23361.0,15.9,3.6,10344.0,106.8,3,0,1,0,0,0,0
134,27.0,2.0,71.3,70.0,72.0,99.8,81.2,69.4,63.4,80.3,82.5,45.0,50.0,3.8,0.0,0.0,4.9,25.1,1.8,182.0,18.8,16.6,102943.0,0.4,2.0,-86.8,31.5,2,0,0,1,0,0,0
135,59.0,28.0,65.1,40.0,36.0,87.9,62.2,70.4,63.5,74.7,86.8,80.0,50.0,1.6,16.0,16.0,26.5,35.5,21.4,267.2,2.5,1.4,12476.0,5.1,5.8,2670.4,33.0,3,0,1,0,0,0,0
136,139.0,41.0,51.1,25.0,24.0,86.9,54.4,69.2,52.6,66.7,77.4,25.0,30.0,3.8,13.0,20.0,27.2,39.0,142.4,2383.4,4.3,2.8,16736.0,6.6,8.4,52878.0,9.6,4,0,1,0,0,0,0
142,82.0,8.0,60.6,40.0,44.0,99.6,52.2,68.2,69.2,65.7,77.3,40.0,50.0,3.9,2.5,2.5,5.4,39.9,28.2,682.8,6.8,3.5,24237.0,10.9,5.0,16400.0,7.5,3,0,0,1,0,0,0
143,116.0,19.0,55.5,40.0,29.0,65.2,75.6,56.7,41.3,79.6,72.2,55.0,40.0,8.9,50.0,25.0,18.8,28.5,13.4,25.2,2.6,3.5,1871.0,48.0,3.4,286.1,40.6,4,0,0,0,0,0,1
144,94.0,37.0,58.6,40.0,33.0,84.2,40.3,60.2,70.4,65.3,77.9,65.0,50.0,6.0,15.0,10.0,35.4,44.6,7.4,78.9,1.8,1.7,10642.0,23.4,11.2,2709.3,47.9,4,0,1,0,0,0,0
145,124.0,23.0,54.9,50.0,48.0,77.6,56.9,69.2,63.5,75.6,33.4,45.0,30.0,28.3,15.0,33.0,30.4,37.9,0.1,2.2,4.9,4.1,24726.0,2.0,2.6,143.9,83.0,4,0,0,0,0,0,1
147,2.0,2.0,88.0,90.0,92.0,91.1,91.3,97.1,91.4,82.0,90.0,75.0,80.0,0.0,20.0,17.0,14.1,17.0,5.3,314.9,4.9,5.7,59711.0,2.0,5.2,64003.2,100.8,1,1,0,0,0,0,0
148,42.0,20.0,68.7,50.0,40.0,84.7,58.0,71.0,72.2,79.1,86.8,75.0,70.0,1.6,19.0,19.0,28.4,37.4,5.4,126.9,3.3,3.6,23304.0,14.4,4.1,2142.9,44.6,3,0,1,0,0,0,0
149,76.0,34.0,61.7,60.0,59.0,65.7,22.3,80.7,40.4,81.6,86.8,70.0,50.0,1.6,41.0,18.0,37.7,50.9,2.0,57.9,-0.2,0.6,28642.0,8.4,1.8,999.2,47.3,3,0,1,0,0,0,0
152,74.0,6.0,61.8,50.0,41.0,70.5,69.2,74.7,55.6,75.8,76.3,45.0,60.0,4.4,40.0,28.0,23.8,32.0,50.6,555.1,3.1,2.7,10973.0,24.9,5.0,5807.4,38.8,3,0,0,0,0,0,1
153,46.0,22.0,68.0,70.0,62.0,53.9,43.0,80.3,54.3,79.9,86.8,80.0,70.0,1.6,52.0,30.0,31.7,43.6,46.2,1413.5,0.7,0.2,30626.0,25.1,3.1,29476.3,68.5,3,0,1,0,0,0,0
154,81.0,13.0,60.7,40.0,33.0,84.7,86.5,77.0,60.8,69.1,76.2,40.0,40.0,6.9,24.0,28.0,12.9,21.2,20.5,116.5,8.2,6.5,5674.0,4.2,6.7,300.0,78.5,3,1,0,0,0,0,0
156,135.0,23.0,52.0,40.0,30.0,71.6,72.5,40.2,77.5,66.7,66.3,25.0,30.0,11.9,38.0,36.0,10.0,30.3,0.5,5.1,4.5,3.1,9475.0,9.0,17.7,-585.2,20.6,4,0,0,0,0,1,0
157,104.0,16.0,57.2,40.0,31.0,74.4,51.3,66.0,70.3,74.7,69.7,55.0,40.0,10.2,33.0,30.0,23.8,40.3,1.2,6.2,0.3,1.9,5302.0,40.0,6.1,94.8,17.5,4,0,0,0,0,0,1
158,18.0,9.0,72.9,90.0,93.0,39.6,21.0,93.2,53.6,82.1,86.8,90.0,80.0,1.6,57.0,26.3,45.8,51.3,9.4,381.7,4.0,1.5,40394.0,7.8,1.4,12090.6,37.4,2,0,1,0,0,0,0
159,5.0,1.0,81.0,90.0,88.0,68.1,63.8,75.8,87.9,86.2,90.0,80.0,80.0,0.0,41.5,24.0,29.8,34.7,7.8,339.9,1.9,1.7,43370.0,4.2,0.2,-196.5,48.6,1,0,1,0,0,0,0
161,20.0,5.0,72.7,70.0,61.0,80.5,84.9,94.3,53.3,82.9,85.0,65.0,50.0,2.5,40.0,17.0,7.9,22.4,23.2,876.0,4.0,3.8,37720.0,4.4,1.4,-1962.0,40.8,2,1,0,0,0,0,0
162,131.0,27.0,53.4,20.0,23.0,92.8,78.1,61.7,55.5,64.6,78.2,20.0,40.0,5.9,13.0,15.0,18.0,27.0,7.8,16.2,7.4,6.6,2067.0,2.2,12.4,11.1,35.3,4,1,0,0,0,0,0
164,61.0,10.0,64.1,45.0,34.0,78.9,83.7,73.2,72.9,68.3,75.2,40.0,70.0,4.9,37.0,23.0,14.5,23.3,64.1,602.1,0.1,2.6,9396.0,0.7,3.8,9572.0,41.7,3,1,0,0,0,0,0
165,166.0,38.0,43.7,20.0,24.0,64.7,0.0,44.8,81.2,69.3,73.0,40.0,20.0,6.0,10.0,10.0,342.0,156.4,1.1,9.5,10.6,11.8,8701.0,18.4,13.5,20.0,0.0,5,1,0,0,0,0,0
168,72.0,14.0,62.3,50.0,32.0,84.9,60.4,55.1,76.7,73.7,69.9,60.0,60.0,10.0,25.0,25.0,16.0,36.3,1.3,26.5,-1.3,0.5,20053.0,6.4,5.1,574.0,32.4,3,0,0,0,0,1,0
169,107.0,11.0,57.0,40.0,38.0,74.5,63.7,82.8,70.1,77.8,58.1,35.0,30.0,16.0,35.0,30.0,20.5,34.8,10.7,101.0,-0.8,3.2,9478.0,18.0,3.5,1142.9,42.4,4,0,0,1,0,0,0
170,69.0,32.0,62.9,50.0,42.0,77.0,64.9,68.2,43.1,73.3,85.2,65.0,60.0,2.4,35.0,20.0,26.0,34.2,74.0,1073.6,8.5,3.5,14517.0,11.7,6.5,15876.0,39.4,3,0,1,0,0,0,0
173,161.0,43.0,46.3,30.0,23.0,78.2,29.4,47.6,49.9,71.0,84.4,20.0,30.0,2.8,17.0,21.0,38.1,48.5,45.6,329.5,5.2,0.6,7233.0,8.4,8.0,7207.0,36.5,5,0,1,0,0,0,0
174,28.0,3.0,71.1,55.0,68.0,99.9,85.1,74.0,77.6,83.9,82.6,35.0,50.0,3.7,0.0,0.0,7.1,22.3,5.4,258.8,4.9,2.8,48158.0,12.9,0.9,7679.0,16.9,2,0,0,1,0,0,0
175,14.0,5.0,74.8,90.0,78.0,57.0,27.7,94.1,71.6,72.4,86.8,90.0,80.0,1.6,50.0,24.0,35.0,49.1,62.6,2260.8,0.7,0.1,36090.0,8.0,4.5,53949.3,82.5,2,0,1,0,0,0,0
176,10.0,2.0,76.0,85.0,71.0,69.3,47.8,90.5,95.5,75.0,86.4,70.0,70.0,1.8,35.0,35.0,24.8,41.7,311.9,15094.0,1.7,0.5,48387.0,7.9,3.1,226937.0,102.9,2,0,0,0,1,0,0
177,36.0,4.0,69.7,70.0,70.0,84.2,68.3,73.4,70.7,72.5,82.9,75.0,30.0,3.6,25.0,25.0,18.1,32.5,3.4,50.9,5.7,6.1,15113.0,6.0,8.1,2191.2,54.2,3,0,0,0,0,1,0
178,162.0,35.0,46.0,15.0,16.0,90.2,67.8,71.2,61.0,63.0,66.1,0.0,10.0,6.9,22.0,9.0,20.4,32.8,28.8,95.2,8.3,8.7,3302.0,1.0,12.8,1403.0,9.1,5,1,0,0,0,0,0
180,174.0,28.0,36.1,5.0,19.0,75.6,50.6,45.6,34.5,47.3,58.8,5.0,20.0,10.6,34.0,34.0,11.3,40.6,29.8,374.1,4.2,2.6,12568.0,8.2,26.1,5302.0,45.5,5,0,0,0,0,1,0
181,140.0,30.0,51.0,15.0,29.0,75.6,72.4,63.8,65.5,65.3,78.6,15.0,30.0,5.7,35.0,25.0,24.3,30.3,89.3,300.0,5.9,6.5,3359.0,2.3,18.7,7430.0,38.0,4,1,0,0,0,0,0
183,93.0,12.0,58.7,30.0,32.0,72.9,80.3,60.4,58.4,66.0,82.3,55.0,50.0,3.8,35.0,35.0,16.0,25.6,13.6,21.9,6.6,6.5,1611.0,14.0,8.7,1981.7,26.1,4,0,0,0,0,0,1
184,175.0,46.0,28.6,10.0,22.0,71.8,66.4,33.4,21.9,0.0,50.4,0.0,10.0,17.3,45.0,25.0,12.9,33.5,12.6,6.1,9.3,-0.1,487.0,95.0,3.5,387.0,70.3,5,0,0,0,0,0,1
186,54.0,25.0,66.9,30.0,30.4,92.7,75.6,78.1,49.7,80.0,87.5,75.0,70.0,1.3,10.0,10.0,23.0,28.5,3.2,26.1,1.3,3.7,8052.0,15.0,2.0,957.0,60.6,3,0,1,0,0,0,0
187,146.0,14.0,50.8,30.0,28.7,80.5,51.0,66.3,48.3,67.8,60.8,45.0,30.0,12.1,35.0,25.0,10.0,40.4,36.5,272.9,2.5,2.4,7477.0,9.7,8.9,1484.0,9.9,4,0,0,1,0,0,0
189,166.0,27.0,44.6,15.0,29.5,63.5,49.9,53.9,44.9,60.0,68.9,30.0,30.0,5.6,35.0,35.0,34.6,40.9,41.0,743.1,1.9,5.4,18112.0,7.2,10.0,12551.1,44.9,5,0,0,0,0,1,0
190,41.0,18.0,68.9,30.0,26.7,86.5,81.3,83.1,78.5,77.0,85.5,70.0,70.0,2.3,26.0,20.0,16.7,25.0,3.4,19.6,7.2,1.0,5838.0,19.0,2.5,489.1,39.5,3,0,1,0,0,0,0
191,3.0,3.0,82.0,90.0,87.7,64.2,62.6,94.6,79.2,80.5,86.4,85.0,90.0,1.8,45.0,30.0,25.6,35.3,22.8,970.8,3.6,2.5,42640.0,5.2,1.8,56958.9,27.2,1,1,0,0,0,0,0
192,24.0,14.0,72.4,90.0,75.5,51.0,23.5,76.3,80.5,79.5,87.8,90.0,70.0,1.1,50.0,25.0,42.1,50.5,8.5,359.0,0.8,0.6,42409.0,4.4,2.6,6315.1,73.7,2,0,1,0,0,0,0
193,81.0,13.0,61.3,20.0,22.7,88.1,64.8,73.5,77.9,78.8,77.2,60.0,50.0,3.9,25.0,20.0,12.8,34.2,9.2,96.8,2.2,5.4,10478.0,6.0,1.1,2004.6,11.6,3,1,0,0,0,0,0
194,36.0,4.0,69.8,70.0,66.6,97.3,84.1,70.7,81.5,75.1,52.2,30.0,70.0,18.9,0.0,0.0,16.4,23.0,0.4,11.1,2.5,-0.6,31382.0,11.0,2.3,1093.9,51.9,3,0,0,0,0,1,0
195,13.0,1.0,75.1,60.0,49.4,99.9,71.4,76.3,82.0,78.4,78.6,75.0,80.0,5.7,0.0,0.0,3.1,30.9,1.2,33.1,3.9,4.0,28744.0,3.4,1.2,891.2,33.7,2,0,0,1,0,0,0
196,131.0,27.0,54.1,20.0,23.3,72.5,92.3,70.8,51.9,65.9,59.0,55.0,30.0,13.0,25.0,45.0,9.9,16.0,150.0,306.0,6.1,6.2,2039.0,5.0,8.7,990.0,31.7,4,1,0,0,0,0,0
197,45.0,6.0,68.3,80.0,77.9,74.0,49.8,72.8,78.4,74.6,60.6,55.0,60.0,14.7,35.0,25.0,27.4,40.9,0.3,7.1,0.0,-0.6,25373.0,11.0,4.6,356.4,72.6,3,0,0,0,0,1,0
198,150.0,42.0,50.1,20.0,24.6,89.2,61.2,73.4,77.7,33.9,81.4,30.0,10.0,1.8,12.0,18.0,24.7,36.0,9.4,146.7,1.5,5.0,15634.0,0.6,59.2,1441.8,36.9,4,0,1,0,0,0,0
199,35.0,17.0,69.9,80.0,74.2,44.8,14.8,89.9,72.7,79.5,87.8,85.0,70.0,1.1,50.0,33.0,44.0,53.3,11.1,420.3,-0.2,0.4,37883.0,7.3,2.6,-1613.8,99.6,3,0,1,0,0,0,0
200,115.0,21.0,56.7,30.0,6.7,82.1,74.2,71.6,67.2,77.6,67.8,40.0,50.0,11.1,25.0,25.0,23.3,29.3,0.3,3.0,5.3,2.7,8754.0,16.1,1.4,197.9,78.1,4,0,0,0,0,1,0
202,116.0,24.0,56.7,60.0,58.8,82.9,57.2,59.4,83.6,65.8,49.4,20.0,30.0,17.8,25.0,30.0,13.5,37.8,0.7,5.0,9.7,8.2,6665.0,3.2,9.7,15.9,72.1,4,1,0,0,0,0,0
203,158.0,25.0,48.4,10.0,28.1,87.1,62.5,53.4,29.9,70.0,77.6,15.0,50.0,3.7,13.0,25.0,22.2,35.4,10.8,55.2,5.2,4.8,5099.0,5.4,4.5,1060.0,33.1,5,0,0,0,0,1,0
204,101.0,38.0,58.4,20.0,33.9,82.9,27.4,55.5,62.4,80.1,86.9,75.0,60.0,1.5,10.0,10.0,38.9,49.2,3.9,31.9,-0.7,0.8,8216.0,28.0,2.0,632.9,44.3,4,0,1,0,0,0,0
205,27.0,2.0,72.0,70.0,61.2,81.0,69.8,68.5,69.7,72.4,82.7,75.0,70.0,3.6,25.0,22.0,28.1,31.8,1.9,31.5,3.8,2.7,16820.0,17.8,7.5,292.5,14.9,2,0,0,0,0,0,1
206,114.0,20.0,56.9,50.0,37.9,68.8,54.1,53.8,49.8,69.9,69.3,55.0,60.0,7.9,27.5,34.0,34.8,39.1,198.4,2355.6,0.9,3.2,11875.0,5.5,5.4,65271.9,68.5,4,0,0,0,0,1,0
207,40.0,10.0,69.0,40.0,53.3,90.2,66.1,68.2,96.5,74.2,81.8,70.0,50.0,4.1,0.0,20.0,24.0,33.6,0.4,21.7,1.3,0.5,54389.0,2.7,0.5,850.0,2.4,3,1,0,0,0,0,0
208,61.0,28.0,65.7,30.0,35.2,91.2,64.5,73.5,80.2,79.6,87.8,55.0,60.0,1.1,10.0,10.0,26.1,34.4,7.3,103.8,0.8,0.7,14312.0,12.4,2.4,1899.4,18.5,3,0,1,0,0,0,0
209,98.0,13.0,58.9,30.0,31.3,83.0,82.3,60.7,55.0,78.8,67.8,60.0,40.0,8.6,27.5,27.5,13.7,24.3,17.4,24.3,8.0,5.7,1399.0,77.0,3.6,40.1,27.7,4,0,0,0,0,0,1
210,162.0,36.0,46.5,10.0,11.6,86.9,89.2,28.3,75.7,64.8,73.6,15.0,10.0,3.2,20.0,30.0,3.7,19.0,63.7,89.5,6.3,5.2,1405.0,4.0,6.1,2243.0,47.5,5,1,0,0,0,0,0
212,108.0,23.0,57.4,30.0,18.7,90.8,88.4,36.6,50.2,77.9,71.0,60.0,50.0,9.5,20.0,20.0,10.9,19.6,15.3,36.6,6.5,5.2,2402.0,0.0,2.9,1557.1,28.5,4,1,0,0,0,0,0
213,136.0,29.0,52.6,30.0,21.9,71.7,86.0,45.0,56.1,69.4,61.2,35.0,50.0,11.9,35.0,38.5,11.0,21.6,21.5,50.8,4.7,3.5,2366.0,30.0,3.0,507.0,14.9,4,0,0,0,0,0,1
214,6.0,1.0,80.2,90.0,87.7,79.7,47.3,89.3,83.1,76.3,88.3,80.0,80.0,0.9,29.0,15.0,31.0,41.9,34.8,1488.3,1.8,1.2,42734.0,7.3,1.5,45374.8,85.6,1,0,0,0,1,0,0
215,60.0,3.0,66.1,70.0,54.9,77.4,68.6,63.8,48.0,79.1,69.6,70.0,60.0,10.2,35.0,25.0,20.2,32.3,0.5,2.2,4.3,4.9,4133.0,10.0,2.5,70.9,103.4,3,0,0,0,0,0,1
216,161.0,40.0,46.7,10.0,20.6,65.1,92.6,33.9,40.4,72.5,51.8,50.0,30.0,16.6,50.0,30.0,9.4,15.7,4.9,3.9,4.1,2.8,800.0,8.0,5.2,71.2,30.6,5,0,0,0,0,0,1
218,7.0,1.0,78.7,90.0,72.3,76.5,83.8,69.3,69.3,84.1,82.0,90.0,70.0,4.0,40.0,20.0,18.7,23.2,17.4,320.5,5.5,3.8,18419.0,6.5,3.0,30323.0,11.2,2,0,0,0,0,1,0
219,137.0,29.0,52.5,20.0,35.0,69.9,82.9,49.7,61.9,73.3,71.8,30.0,30.0,4.1,45.0,25.0,19.0,23.9,1354.0,12405.7,7.8,9.3,9162.0,4.1,2.7,121080.0,22.8,4,1,0,0,0,0,0
220,34.0,3.0,70.7,50.0,33.2,80.6,74.9,85.2,80.5,78.8,78.8,75.0,70.0,5.6,33.0,25.0,15.1,28.9,46.6,502.9,4.0,4.0,10792.0,10.4,3.2,15822.9,32.8,2,0,0,0,0,1,0
221,142.0,32.0,51.4,30.0,22.1,64.5,85.3,49.4,50.1,74.5,72.7,35.0,30.0,6.2,30.0,50.0,12.4,22.1,0.7,0.9,2.5,1.9,1258.0,20.0,6.0,17.0,42.6,4,0,0,0,0,0,1
223,169.0,43.0,43.7,10.0,20.6,67.5,79.6,35.1,47.0,72.0,55.6,20.0,30.0,14.7,45.0,34.0,8.4,26.1,4.1,19.1,3.8,5.8,4667.0,53.0,5.0,2757.9,21.1,5,0,0,0,0,0,1
224,53.0,9.0,66.9,50.0,50.9,80.0,90.0,64.9,53.3,76.3,83.8,70.0,50.0,3.1,25.0,30.0,21.9,18.2,4.7,58.8,5.0,3.1,12606.0,7.5,4.5,2265.4,34.8,3,0,0,0,0,1,0
226,87.0,36.0,60.4,40.0,41.1,69.4,45.8,61.4,39.4,79.2,87.4,80.0,60.0,1.3,40.0,20.0,32.6,42.5,4.4,78.4,-2.0,-1.9,17810.0,15.0,3.4,1250.6,56.3,3,0,1,0,0,0,0
227,46.0,21.0,67.6,70.0,64.0,79.7,36.2,79.7,70.2,78.8,82.8,65.0,50.0,1.1,35.0,10.0,26.5,46.1,0.9,23.6,-2.4,0.2,27086.0,12.1,3.1,848.6,86.2,3,0,1,0,0,0,0
228,26.0,15.0,72.2,70.0,45.3,81.7,43.8,70.1,84.0,79.4,87.8,80.0,80.0,1.1,15.0,19.0,35.3,43.3,10.6,287.0,-1.2,0.3,27191.0,7.0,3.3,10592.5,43.1,2,0,1,0,0,0,0
229,10.0,3.0,76.1,90.0,93.7,39.3,0.5,98.1,91.2,80.0,87.8,90.0,90.0,1.1,56.0,25.0,48.1,57.6,5.6,210.1,-0.6,-0.9,37657.0,7.6,2.4,2883.0,50.1,2,0,1,0,0,0,0
230,118.0,20.0,55.9,30.0,30.9,80.6,62.8,42.7,65.1,77.2,54.8,65.0,50.0,17.6,30.0,25.0,20.3,35.2,0.9,2.4,4.8,4.7,2677.0,59.0,3.7,100.0,38.6,4,0,0,0,0,0,1
231,63.0,12.0,65.2,60.0,53.5,72.9,61.7,75.0,70.7,85.8,72.7,70.0,30.0,8.6,35.0,30.0,24.2,35.7,0.1,1.0,0.4,2.0,14166.0,23.0,2.3,19.7,72.2,3,0,0,0,0,1,0
232,80.0,16.0,61.3,30.0,27.3,83.7,92.3,56.1,55.2,75.7,77.8,75.0,40.0,6.1,25.0,29.0,12.9,16.1,10.2,98.7,3.9,5.0,9646.0,13.0,3.7,3609.6,33.5,3,0,0,0,0,1,0
233,159.0,26.0,48.0,20.0,26.0,79.8,41.8,52.8,52.0,66.1,71.8,30.0,40.0,4.1,35.0,22.0,17.6,44.0,15.2,153.2,5.0,4.7,10056.0,5.3,5.1,586.5,18.6,5,0,0,0,0,1,0
234,135.0,13.0,52.9,20.0,28.6,85.6,69.6,62.7,45.7,60.5,71.4,45.0,40.0,9.3,25.0,25.0,13.8,31.8,82.5,540.0,2.2,4.2,6545.0,12.3,8.6,2797.7,80.2,4,0,0,1,0,0,0
235,59.0,11.0,66.2,40.0,34.3,79.6,85.8,59.6,63.3,80.0,79.0,70.0,70.0,5.5,30.0,30.0,15.4,21.7,6.2,46.3,1.6,0.6,7438.0,5.7,1.7,515.8,52.2,3,0,0,0,0,1,0
236,168.0,42.0,44.4,10.0,16.6,75.5,62.6,43.4,41.5,75.4,53.8,35.0,30.0,15.6,35.0,35.0,1.5,35.3,0.7,19.3,2.0,2.7,25929.0,22.3,5.5,2115.1,8.2,5,0,0,0,0,0,1
238,11.0,4.0,75.9,90.0,64.2,80.4,56.0,77.6,55.9,76.9,87.8,90.0,80.0,1.1,21.0,21.0,32.8,38.3,1.3,29.1,3.2,-1.0,21713.0,9.8,4.2,1470.4,8.5,2,0,1,0,0,0,0
240,99.0,20.0,58.7,25.0,20.0,82.3,76.2,64.9,73.1,75.2,70.2,50.0,50.0,9.9,29.0,20.0,23.0,28.2,0.9,4.3,2.1,0.8,4786.0,7.0,4.3,267.9,51.6,4,1,0,0,0,0,0
241,19.0,9.0,73.4,90.0,93.4,65.1,8.9,93.6,46.5,78.9,87.8,90.0,80.0,1.1,31.8,24.5,43.4,55.1,5.4,197.5,-0.2,-0.6,36395.0,7.7,3.2,-1805.6,53.3,2,0,1,0,0,0,0
242,70.0,33.0,63.5,80.0,69.9,48.4,5.6,79.9,51.8,76.1,82.8,70.0,70.0,1.1,45.0,34.3,44.2,56.1,63.4,2254.1,0.0,0.0,35548.0,10.2,2.0,25093.3,90.3,3,0,1,0,0,0,0
243,105.0,14.0,57.8,40.0,29.1,74.5,81.7,58.9,63.0,75.1,61.0,55.0,40.0,14.5,35.0,35.0,10.1,24.7,1.5,25.5,6.2,3.6,16548.0,21.0,3.0,702.4,22.0,4,0,0,0,0,0,1
245,22.0,12.0,72.6,40.0,42.8,87.3,69.7,87.8,91.2,78.4,88.6,80.0,60.0,0.7,20.0,15.0,25.4,31.8,4.5,26.7,6.5,3.6,5930.0,14.6,-0.9,866.1,32.7,2,0,1,0,0,0,0
246,18.0,8.0,73.4,90.0,80.1,61.2,38.2,89.9,46.4,80.8,87.8,90.0,70.0,1.1,47.5,15.8,37.1,45.4,81.9,3197.1,0.9,0.7,39028.0,5.5,2.1,6564.5,82.0,2,0,1,0,0,0,0
247,66.0,5.0,64.2,50.0,40.4,85.4,83.3,62.6,60.2,65.8,64.8,70.0,60.0,10.1,25.0,25.0,14.6,23.6,24.9,82.4,7.0,8.3,3305.0,11.0,9.2,3294.5,56.5,3,0,0,0,0,0,1
248,119.0,40.0,55.7,40.0,33.2,65.9,19.2,75.8,53.9,76.3,82.8,60.0,50.0,1.1,42.0,26.0,31.2,51.9,11.3,276.9,-6.4,-4.4,24505.0,24.2,1.0,2944.9,158.5,4,0,1,0,0,0,0
249,83.0,17.0,61.2,25.0,28.7,79.6,93.6,58.4,49.3,76.7,85.4,65.0,50.0,2.3,31.0,31.0,10.9,14.6,15.1,78.7,3.0,2.8,5209.0,4.1,3.8,1206.6,25.1,3,0,0,0,0,1,0
252,121.0,22.0,55.7,30.0,24.4,68.4,71.8,64.3,72.6,78.1,72.0,45.0,30.0,6.5,33.3,40.0,21.2,30.6,0.8,6.2,3.3,3.7,7939.0,11.0,3.0,230.9,60.3,4,0,0,0,0,1,0
253,156.0,24.0,48.9,10.0,16.9,80.3,66.3,33.3,68.5,73.6,70.4,40.0,30.0,7.3,30.0,30.0,13.1,33.5,10.4,12.9,2.8,1.3,1243.0,40.6,6.8,178.8,15.4,5,0,0,0,0,1,0
254,112.0,19.0,57.1,30.0,23.7,84.9,79.8,55.4,26.5,75.1,75.4,60.0,60.0,7.3,25.0,25.0,16.1,25.9,8.2,37.8,3.3,2.5,4610.0,4.4,5.2,1058.5,34.7,4,0,0,0,0,1,0
255,1.0,1.0,90.1,90.0,82.3,93.0,89.7,98.9,95.5,82.0,90.0,90.0,90.0,0.0,15.0,16.5,14.2,18.5,7.2,369.4,1.4,2.5,51494.0,3.3,4.1,74584.2,32.4,1,1,0,0,0,0,0
256,51.0,24.0,67.0,60.0,48.6,81.1,26.8,79.3,65.7,75.6,87.8,75.0,70.0,1.1,16.0,19.0,35.7,49.4,10.0,195.6,-1.7,-1.0,19638.0,11.0,5.7,13469.0,79.0,3,0,1,0,0,0,0
257,23.0,13.0,72.4,90.0,84.2,72.9,32.9,91.2,59.1,76.0,87.9,70.0,60.0,1.0,31.8,20.0,36.0,47.3,0.3,12.8,1.6,-1.1,39224.0,5.8,5.2,510.7,99.1,2,0,1,0,0,0,0
258,120.0,25.0,55.7,50.0,31.5,79.4,77.8,37.7,74.0,65.5,65.6,35.0,40.0,7.2,30.9,32.4,7.0,27.2,1223.2,4684.4,4.0,6.8,3830.0,8.5,9.3,25542.8,66.8,4,1,0,0,0,0,0
259,100.0,21.0,58.5,30.0,28.0,83.4,89.8,54.8,47.8,76.4,74.8,40.0,60.0,2.6,30.0,25.0,11.8,18.5,244.5,1216.7,6.2,5.9,4977.0,6.2,4.3,19852.6,24.0,4,1,0,0,0,0,0
260,173.0,15.0,40.3,10.0,23.4,80.6,85.9,62.3,41.7,47.3,41.4,0.0,10.0,21.8,35.0,25.0,9.3,21.7,76.1,999.2,-1.9,2.3,13127.0,12.5,30.6,4869.9,10.7,5,0,0,1,0,0,0
262,9.0,2.0,76.2,90.0,74.8,74.0,30.6,83.4,79.5,81.7,87.8,90.0,70.0,1.1,41.0,12.5,27.6,48.1,4.6,192.2,0.9,-1.2,41921.0,14.7,1.9,29318.0,117.1,2,0,1,0,0,0,0
263,44.0,5.0,68.4,75.0,59.3,60.1,40.3,73.2,63.0,80.6,82.9,80.0,70.0,3.5,48.0,25.0,32.6,44.6,7.7,248.7,3.1,3.6,32312.0,6.9,1.7,10414.1,74.6,3,0,0,1,0,0,0
264,86.0,35.0,60.9,50.0,38.5,55.5,25.6,75.5,52.5,78.9,87.8,85.0,60.0,1.1,43.0,27.5,42.9,49.8,60.8,1832.9,-2.4,-1.4,30136.0,10.6,3.3,9624.9,127.0,3,0,1,0,0,0,0
265,56.0,10.0,66.7,40.0,33.0,77.2,69.4,84.6,75.6,77.3,75.1,85.0,50.0,7.5,25.0,33.3,23.4,31.9,2.8,25.2,0.1,-0.8,9159.0,13.0,7.3,362.2,146.6,3,0,0,0,0,1,0
266,25.0,6.0,72.4,80.0,77.8,69.2,47.1,80.0,79.8,87.5,82.4,70.0,50.0,1.3,40.8,25.5,27.6,42.0,127.6,4627.9,2.0,-0.2,36266.0,4.4,-0.0,1730.8,237.9,2,1,0,0,0,0,0
267,39.0,4.0,69.2,60.0,45.6,94.0,66.9,62.0,72.9,81.3,79.6,70.0,60.0,5.2,14.0,14.0,14.4,33.2,6.4,38.7,2.8,4.1,6042.0,12.2,4.8,1403.0,79.6,3,0,0,1,0,0,0
268,67.0,11.0,63.7,30.0,25.7,92.9,85.0,74.4,86.7,74.4,78.2,40.0,50.0,3.4,10.0,20.0,14.6,22.3,16.7,231.8,5.0,4.8,13893.0,5.4,5.1,14022.1,12.3,3,1,0,0,0,0,0
269,111.0,17.0,57.1,30.0,21.0,78.0,74.6,55.8,64.0,74.9,72.8,50.0,50.0,6.1,30.0,30.0,20.1,29.1,42.1,75.9,4.7,3.8,1802.0,40.0,9.4,258.6,48.2,4,0,0,0,0,0,1
272,31.0,8.0,71.2,70.0,54.0,72.6,72.6,92.8,47.8,79.6,72.6,70.0,80.0,8.7,38.5,24.2,25.9,30.2,50.0,1613.9,2.0,2.9,32272.0,3.3,2.2,9904.0,33.7,2,1,0,0,0,0,0
274,76.0,7.0,62.3,50.0,43.7,97.7,55.6,57.7,63.6,73.2,76.7,55.0,50.0,4.1,0.0,15.0,0.8,38.5,3.8,151.0,5.1,0.8,39889.0,2.1,2.9,1851.1,7.3,3,0,0,1,0,0,0
275,85.0,15.0,61.1,20.0,19.2,94.6,60.2,74.2,83.8,73.7,75.2,60.0,50.0,2.4,10.0,10.0,18.5,36.4,5.6,13.3,-0.9,3.0,2376.0,7.7,2.8,372.2,48.9,3,1,0,0,0,0,0
276,144.0,31.0,51.2,15.0,18.6,86.6,86.7,60.7,54.9,75.5,58.6,35.0,20.0,13.2,24.0,24.0,13.7,21.0,6.4,19.2,8.3,8.0,3011.0,2.5,4.3,294.4,53.1,4,1,0,0,0,0,0
277,42.0,19.0,68.7,50.0,43.6,84.6,54.9,82.5,68.5,79.7,87.8,85.0,50.0,1.1,24.0,15.0,27.2,38.8,2.0,37.3,5.6,-2.6,18255.0,14.9,2.3,987.6,36.4,3,0,1,0,0,0,0
279,154.0,37.0,49.5,40.0,37.1,67.4,0.0,54.0,62.4,75.5,68.6,50.0,40.0,10.7,35.0,25.0,37.6,63.1,1.9,4.1,4.0,5.2,2138.0,25.0,5.3,172.3,41.9,5,0,0,0,0,0,1
280,138.0,30.0,52.4,30.0,33.8,83.6,70.5,62.3,47.0,72.9,64.1,40.0,20.0,10.4,25.0,25.0,19.8,31.4,4.0,2.7,8.3,6.8,673.0,85.0,6.8,1354.1,29.1,4,0,0,0,0,0,1
283,21.0,11.0,73.0,60.0,49.9,92.9,55.9,85.7,59.0,78.6,87.8,80.0,80.0,1.1,15.0,15.0,16.0,38.3,3.0,65.0,3.6,-0.5,21615.0,13.2,3.2,835.1,39.6,2,0,1,0,0,0,0
284,16.0,7.0,74.2,90.0,84.1,62.8,47.6,72.6,43.1,78.9,87.8,95.0,80.0,1.1,43.6,21.0,37.1,41.8,0.5,42.2,0.1,-0.1,79785.0,6.0,2.9,27877.7,21.1,2,0,1,0,0,0,0
286,43.0,20.0,68.6,35.0,39.6,91.4,70.7,81.0,78.8,83.5,85.9,60.0,60.0,2.0,10.0,10.0,25.6,31.3,2.1,21.9,-0.3,1.9,10579.0,31.3,3.3,134.6,33.3,3,0,1,0,0,0,0
289,37.0,9.0,69.6,55.0,44.3,84.6,75.6,85.6,78.5,81.0,76.4,55.0,60.0,4.3,26.0,25.0,15.3,28.5,29.5,498.5,5.6,4.2,16922.0,3.0,1.7,10073.9,55.5,3,1,0,0,0,0,0
290,145.0,32.0,51.0,20.0,21.9,97.4,43.8,87.4,71.7,69.4,43.8,25.0,30.0,20.6,0.0,0.0,16.2,43.3,0.3,3.1,3.5,5.1,9235.0,28.0,10.9,284.0,77.5,4,1,0,0,0,0,0
291,122.0,21.0,55.5,20.0,27.7,69.8,81.7,48.0,63.2,76.7,73.2,55.0,40.0,8.4,40.0,35.0,14.0,24.7,16.3,18.0,-1.2,3.3,1100.0,30.0,5.3,310.5,32.0,4,0,0,0,0,0,1
292,58.0,27.0,66.4,75.0,55.8,63.7,47.2,62.4,53.2,79.1,87.8,80.0,60.0,1.1,35.0,35.0,34.4,42.0,0.4,11.3,0.8,1.3,27022.0,6.3,3.2,157.2,72.5,3,0,1,0,0,0,0
293,134.0,28.0,53.2,25.0,23.9,81.7,75.8,38.0,53.1,75.5,69.0,50.0,40.0,8.0,30.0,25.0,17.5,28.4,3.6,7.7,6.4,3.5,2122.0,30.0,4.9,1204.4,79.7,4,0,0,0,0,0,1
294,8.0,1.0,76.5,65.0,53.4,92.2,81.8,74.4,78.0,76.7,88.6,85.0,70.0,0.7,15.0,15.0,18.3,24.7,1.3,20.2,3.3,3.9,15592.0,8.0,3.9,360.9,50.3,2,0,0,0,0,0,1
295,55.0,3.0,66.8,50.0,29.7,80.9,78.9,76.8,58.3,77.4,85.6,70.0,60.0,2.2,30.0,30.0,10.6,26.6,114.9,1758.9,3.9,1.6,15312.0,4.8,4.1,12659.4,43.5,3,0,0,0,1,0,0
297,110.0,39.0,57.3,40.0,29.5,85.8,54.4,70.1,37.9,75.0,80.1,50.0,50.0,2.5,18.0,12.0,30.8,39.0,3.6,12.2,-0.8,2.8,3415.0,5.5,4.7,159.2,23.8,4,0,1,0,0,0,0
299,68.0,31.0,63.6,40.0,37.8,92.5,42.6,77.6,68.6,78.6,83.1,65.0,50.0,3.5,9.0,9.0,24.2,43.8,0.6,7.3,0.0,1.3,11800.0,19.1,3.6,609.5,51.1,3,0,1,0,0,0,0
300,103.0,10.0,58.3,40.0,33.3,71.3,64.1,76.2,31.5,78.1,58.8,70.0,60.0,13.1,38.0,30.0,23.0,34.6,32.5,171.2,3.0,4.4,5265.0,8.8,1.3,2835.6,59.6,4,0,0,1,0,0,0
301,128.0,25.0,55.0,30.0,26.2,75.7,64.6,65.2,36.7,80.8,75.5,45.0,50.0,4.8,32.0,32.0,19.6,34.4,22.5,26.3,7.5,7.0,1169.0,17.0,2.1,5218.1,46.6,4,0,0,0,0,0,1
302,94.0,12.0,59.4,30.0,44.2,66.9,58.8,64.4,81.9,75.0,82.9,50.0,40.0,1.1,37.0,34.0,28.0,37.0,2.2,16.8,4.0,3.5,7772.0,51.2,6.7,357.5,26.6,4,0,0,0,0,0,1
303,149.0,34.0,50.1,30.0,21.3,85.9,89.6,58.5,43.8,76.3,61.0,5.0,30.0,12.0,25.0,25.0,12.6,18.6,31.0,40.6,4.6,4.8,1308.0,46.0,8.3,92.0,33.1,4,1,0,0,0,0,0
304,15.0,6.0,74.2,90.0,88.0,51.7,25.6,89.7,59.6,79.9,87.8,90.0,80.0,1.1,52.0,25.0,38.7,49.8,16.8,707.0,-0.9,-0.0,42194.0,5.3,2.8,-244.1,71.7,2,0,1,0,0,0,0
305,5.0,4.0,81.2,95.0,94.0,71.2,32.3,96.1,90.2,86.3,86.8,80.0,80.0,1.6,33.0,28.0,31.7,47.5,4.4,132.0,2.5,0.6,29730.0,6.9,1.1,2911.1,38.2,1,1,0,0,0,0,0
306,102.0,18.0,58.4,15.0,24.1,78.6,80.0,52.6,60.3,72.8,85.4,65.0,50.0,2.3,30.0,30.0,18.4,25.8,6.0,26.7,5.2,3.2,4458.0,7.8,7.9,810.0,52.1,4,0,0,0,0,1,0
308,129.0,26.0,54.3,30.0,22.7,85.0,74.5,48.0,66.4,73.1,63.8,40.0,40.0,10.6,24.0,30.0,4.7,29.2,164.8,448.1,6.3,6.9,2720.0,23.9,12.2,7028.9,17.8,4,0,0,0,0,0,1
309,32.0,16.0,70.9,90.0,88.1,50.6,42.2,90.9,44.6,78.7,89.1,75.0,60.0,0.5,47.8,28.0,43.2,43.9,5.0,277.1,3.0,0.6,55009.0,3.2,0.7,12774.6,34.1,2,0,1,0,0,0,0
310,48.0,6.0,67.4,50.0,48.2,98.5,56.0,68.3,75.5,73.6,78.7,65.0,60.0,3.2,0.0,12.0,2.2,38.3,3.1,90.1,5.0,6.3,29166.0,15.0,2.9,1514.0,6.1,3,0,0,1,0,0,0
311,126.0,26.0,55.2,30.0,22.7,80.6,88.3,69.4,47.3,68.5,64.8,40.0,40.0,10.1,25.0,35.0,9.3,19.8,178.9,515.4,3.7,3.0,2881.0,7.7,11.0,846.7,62.1,4,1,0,0,0,0,0
312,71.0,13.0,63.4,30.0,34.0,84.3,78.7,73.0,39.4,75.1,74.2,75.0,70.0,7.9,25.0,25.0,17.8,26.6,3.7,57.1,10.7,8.6,15617.0,4.2,5.7,3019.8,38.8,3,0,0,0,0,1,0
313,132.0,28.0,53.9,20.0,20.2,66.7,75.4,57.0,73.7,75.5,85.1,35.0,30.0,2.5,42.0,30.0,25.8,28.6,6.8,19.1,9.1,8.1,2797.0,1.9,4.0,28.8,14.1,4,1,0,0,0,0,0
314,78.0,15.0,62.0,30.0,20.5,96.2,89.0,58.0,28.9,80.9,81.1,75.0,60.0,4.5,10.0,10.0,13.4,19.1,6.7,40.9,-1.2,3.6,6136.0,5.8,3.8,319.9,11.4,3,0,0,0,0,1,0
315,47.0,7.0,67.4,40.0,34.0,79.1,89.1,70.6,61.4,83.3,87.0,70.0,60.0,1.5,30.0,30.0,17.0,19.1,30.5,326.7,6.3,6.5,10719.0,6.8,3.7,12239.7,19.8,3,0,0,0,0,1,0
316,89.0,16.0,60.1,30.0,26.1,79.2,92.3,59.9,49.7,78.0,75.5,60.0,50.0,4.8,32.0,30.0,12.3,16.0,95.8,424.4,6.6,4.7,4430.0,7.0,3.1,2797.0,41.9,3,1,0,0,0,0,0
317,50.0,23.0,67.0,60.0,54.8,76.1,43.2,70.1,60.4,77.8,87.8,70.0,70.0,1.1,32.0,19.0,31.7,43.5,38.9,800.9,2.0,3.4,20592.0,10.3,3.7,3355.7,55.2,3,0,1,0,0,0,0
318,69.0,32.0,63.5,70.0,61.1,60.1,26.8,84.9,34.6,79.3,87.8,70.0,60.0,1.1,48.0,26.5,31.3,49.4,10.5,246.5,-3.2,-1.2,23385.0,15.7,2.8,8915.5,123.0,3,0,1,0,0,0,0
319,30.0,3.0,71.2,70.0,72.4,99.9,72.1,71.7,70.0,81.2,79.8,45.0,50.0,5.1,0.0,0.0,2.9,30.5,1.8,187.9,6.6,13.1,102211.0,0.5,1.9,326.9,37.8,2,0,0,1,0,0,0
320,62.0,29.0,65.5,40.0,37.7,87.0,59.2,71.0,65.2,77.1,87.8,80.0,50.0,1.1,16.0,16.0,28.0,36.9,21.3,273.4,0.3,0.3,12808.0,7.0,3.3,2242.1,37.0,3,0,1,0,0,0,0
321,140.0,41.0,51.9,25.0,22.1,85.6,61.5,70.0,55.8,69.4,74.6,25.0,30.0,5.2,13.0,20.0,29.5,35.8,141.9,2513.3,3.4,1.8,17709.0,6.0,5.1,51416.0,10.9,4,0,1,0,0,0,0
323,33.0,2.0,70.7,70.0,70.6,75.7,63.6,83.1,84.5,82.7,71.9,65.0,40.0,9.0,30.0,30.0,25.1,34.8,0.2,2.2,-0.4,1.3,13104.0,20.0,4.3,112.8,78.4,2,0,0,0,0,1,0
324,52.0,8.0,67.0,70.0,61.1,73.7,72.4,76.3,78.7,79.8,67.6,50.0,40.0,11.2,32.5,33.0,22.1,30.3,0.1,1.3,0.5,-0.8,11776.0,15.0,2.6,125.5,70.2,3,0,0,0,0,1,0
326,157.0,38.0,48.8,20.0,32.5,86.9,27.9,52.6,44.7,68.3,75.3,50.0,30.0,7.4,20.0,25.0,16.8,49.0,0.2,0.4,4.0,5.3,2337.0,14.2,10.6,49.5,75.5,5,0,0,0,0,0,1
327,77.0,8.0,62.2,40.0,43.7,99.7,63.1,67.3,75.8,68.7,74.0,40.0,50.0,5.5,2.5,2.5,3.7,35.1,29.0,906.8,6.8,6.6,31275.0,10.6,2.9,12182.0,3.6,3,0,0,1,0,0,0
328,125.0,23.0,55.4,40.0,29.5,65.1,75.4,47.5,41.5,81.8,73.2,60.0,40.0,8.4,50.0,25.0,19.0,28.6,13.1,26.6,3.5,3.3,2027.0,48.0,1.1,337.7,45.0,4,0,0,0,0,0,1
329,95.0,37.0,59.4,40.0,34.0,83.1,38.6,59.3,70.1,66.9,77.0,75.0,50.0,6.5,15.0,15.0,35.2,45.2,7.6,78.7,-1.8,0.2,10405.0,23.1,7.3,650.4,63.7,4,0,1,0,0,0,0
330,117.0,19.0,56.2,50.0,48.5,76.8,61.8,67.6,68.5,75.1,33.4,50.0,30.0,28.3,15.0,33.0,31.7,35.7,0.1,2.3,2.8,2.2,25229.0,3.7,7.1,114.0,82.5,4,0,0,0,0,0,1
332,2.0,2.0,89.4,90.0,91.9,91.2,91.2,96.8,96.5,81.5,90.0,85.0,80.0,0.0,20.0,17.0,13.8,17.1,5.4,326.5,1.3,4.3,60410.0,2.0,4.6,56650.9,111.0,1,1,0,0,0,0,0
333,57.0,26.0,66.4,50.0,41.8,80.2,56.0,67.0,53.6,78.1,87.8,80.0,70.0,1.1,25.0,23.0,28.8,38.3,5.4,131.9,2.0,2.0,24249.0,14.0,3.7,2825.9,52.3,3,0,1,0,0,0,0
334,74.0,34.0,62.7,60.0,61.0,58.9,22.6,85.4,51.0,80.3,87.8,70.0,50.0,1.1,50.0,16.0,36.8,50.8,2.1,58.0,-2.3,-1.1,28195.0,9.0,2.6,144.8,52.6,3,0,1,0,0,0,0
336,75.0,6.0,62.5,50.0,41.6,68.7,69.1,74.5,54.4,75.3,76.1,55.0,60.0,4.5,40.0,28.0,27.3,32.1,51.2,582.4,2.5,2.2,11375.0,25.2,5.7,4572.5,42.3,3,0,0,0,0,0,1
337,49.0,22.0,67.2,70.0,62.6,54.0,38.7,77.3,52.2,79.9,87.8,80.0,70.0,1.1,52.0,30.0,31.6,45.2,46.2,1410.6,-1.4,-0.8,30557.0,25.0,2.4,27749.9,84.1,3,0,1,0,0,0,0
338,90.0,17.0,60.0,40.0,33.4,84.9,86.3,74.4,59.2,68.0,73.6,40.0,40.0,5.7,24.0,28.0,12.4,21.4,20.7,126.3,6.4,6.4,6107.0,4.9,7.5,775.5,77.7,3,1,0,0,0,0,0
340,130.0,23.0,54.2,40.0,32.9,69.0,78.3,41.8,81.8,71.8,66.2,30.0,30.0,11.9,38.0,36.0,19.0,26.9,0.5,6.8,4.5,4.1,12398.0,9.0,5.0,70.1,20.5,4,0,0,0,0,1,0
341,82.0,8.0,61.2,40.0,31.6,74.7,70.9,64.2,71.7,72.3,81.5,65.0,40.0,4.2,33.0,30.0,23.3,31.2,1.1,6.2,-1.5,1.0,5782.0,40.0,8.9,89.6,19.0,3,0,0,0,0,0,1
342,20.0,10.0,73.1,90.0,92.3,42.9,21.4,91.1,52.9,82.5,87.8,90.0,80.0,1.1,57.0,22.0,44.5,51.2,9.5,393.0,1.2,1.0,41191.0,7.9,0.9,13711.4,38.0,2,0,1,0,0,0,0
343,4.0,1.0,81.6,90.0,88.1,68.9,65.7,75.4,87.4,85.2,90.0,85.0,80.0,0.0,41.5,24.0,28.5,33.8,8.0,363.4,1.0,1.2,45418.0,2.9,-0.7,3613.0,49.1,1,0,1,0,0,0,0
344,17.0,5.0,73.9,70.0,59.7,80.3,84.7,93.9,53.1,81.7,85.8,70.0,60.0,2.1,40.0,17.0,8.8,22.6,23.3,903.5,1.3,2.9,38749.0,4.2,1.9,3205.0,40.9,2,1,0,0,0,0,0
345,139.0,30.0,52.0,20.0,19.4,92.3,78.1,58.4,45.5,67.7,73.2,25.0,40.0,5.9,13.0,15.0,19.5,27.0,8.0,17.7,7.5,6.7,2229.0,2.5,5.8,289.9,32.5,4,1,0,0,0,0,0
347,72.0,12.0,63.3,45.0,33.6,79.7,83.6,71.4,61.6,68.6,75.0,45.0,70.0,5.0,37.0,20.0,16.2,23.4,64.4,651.9,6.4,2.8,10126.0,0.5,3.0,8607.5,44.3,3,1,0,0,0,0,0
351,73.0,14.0,62.7,50.0,34.0,84.8,62.5,59.4,76.4,71.7,78.6,60.0,50.0,5.7,25.0,25.0,16.5,35.4,1.3,26.7,0.4,-0.6,20087.0,5.5,9.3,2527.1,39.7,3,0,0,0,0,1,0
352,109.0,11.0,57.3,40.0,39.2,74.3,63.8,80.7,72.6,75.9,61.8,35.0,30.0,14.1,35.0,30.0,21.1,34.8,10.8,105.3,3.6,2.5,9775.0,18.9,5.6,1918.2,44.5,4,0,0,1,0,0,0
353,64.0,30.0,64.9,50.0,44.0,77.5,63.5,67.6,59.7,71.8,84.5,70.0,60.0,2.7,35.0,20.0,25.0,34.9,74.9,1123.4,2.6,3.1,15001.0,9.2,8.9,12419.0,36.4,3,0,1,0,0,0,0
354,171.0,41.0,42.2,5.0,13.4,95.2,93.0,30.0,30.0,65.9,79.2,0.0,10.0,2.9,10.0,8.0,17.8,15.2,5.6,48.9,11.0,11.1,8718.0,60.0,4.9,3159.0,15.8,5,1,0,0,0,0,0
356,155.0,43.0,49.3,30.0,21.9,79.1,37.5,59.8,49.8,78.7,86.2,20.0,30.0,1.9,17.0,19.0,38.0,45.6,45.5,335.2,0.2,-0.9,7374.0,8.0,0.6,7833.0,37.4,5,0,1,0,0,0,0
357,28.0,2.0,71.4,55.0,66.4,99.6,83.1,74.4,82.9,84.6,82.5,35.0,50.0,3.7,0.0,0.0,6.1,23.7,5.5,271.3,3.9,2.1,49012.0,2.4,0.7,9602.0,17.6,2,0,0,1,0,0,0
358,14.0,5.0,74.9,90.0,76.4,56.6,29.5,92.0,73.1,73.5,87.8,90.0,80.0,1.1,50.0,24.0,35.5,48.5,63.2,2336.3,0.2,-0.4,36941.0,8.0,2.8,62350.8,90.3,2,0,1,0,0,0,0
359,12.0,2.0,75.5,80.0,72.0,65.8,48.1,89.2,97.2,75.4,86.8,70.0,70.0,1.6,39.6,35.0,25.1,41.6,314.2,15684.8,2.2,0.6,49922.0,8.1,2.1,167620.0,106.5,2,0,0,0,1,0,0
360,38.0,5.0,69.3,70.0,70.6,77.4,68.0,74.5,68.1,72.1,82.5,80.0,30.0,3.8,30.0,25.0,27.2,32.6,3.4,53.8,3.8,5.6,15911.0,6.1,8.1,2710.1,53.7,3,0,0,0,0,1,0
361,163.0,37.0,46.5,15.0,13.4,90.3,70.4,75.7,60.8,63.1,66.1,0.0,10.0,6.9,22.0,9.0,20.2,31.4,29.4,104.7,8.0,8.4,3555.0,0.2,12.1,1094.0,8.6,5,1,0,0,0,0,0
362,93.0,18.0,59.5,40.0,33.5,97.3,81.7,54.8,56.8,82.7,48.0,60.0,40.0,18.5,0.0,0.0,16.4,24.7,0.3,1.2,2.7,3.1,4916.0,1.7,1.4,37.7,20.0,4,1,0,0,0,0,0
363,175.0,28.0,36.3,5.0,16.5,75.3,51.8,43.4,33.7,49.7,62.7,5.0,20.0,8.6,34.0,34.0,12.5,40.1,29.5,401.9,5.5,2.0,13616.0,7.8,21.1,3216.0,57.3,5,0,0,0,0,1,0
364,147.0,33.0,50.8,15.0,26.9,77.0,71.4,62.0,68.3,63.6,78.7,15.0,30.0,5.7,35.0,25.0,21.1,30.9,90.4,320.7,5.0,5.9,3548.0,4.5,9.1,8368.0,52.1,4,1,0,0,0,0,0
365,123.0,12.0,55.5,30.0,19.4,91.7,74.9,59.2,54.9,62.1,82.4,50.0,30.0,3.8,20.0,20.0,5.3,28.9,25.9,59.1,0.1,0.8,2283.0,35.0,11.0,348.8,46.7,4,0,0,1,0,0,0
366,88.0,9.0,60.4,30.0,31.3,71.8,82.9,74.9,50.1,68.0,84.6,60.0,50.0,2.7,35.0,35.0,19.3,23.9,13.9,24.0,7.3,6.8,1722.0,14.0,6.6,1066.0,26.9,3,0,0,0,0,0,1
367,176.0,46.0,35.5,10.0,19.3,63.3,64.0,34.5,22.2,73.0,54.2,5.0,10.0,15.4,46.4,25.0,30.0,34.6,13.0,7.2,4.4,2.5,559.0,95.0,3.7,399.5,60.5,5,0,0,0,0,0,1
369,63.0,29.0,65.7,30.0,31.0,87.2,76.1,70.6,52.9,80.8,87.8,70.0,70.0,1.1,23.0,15.0,22.9,28.2,2.8,26.5,0.7,2.4,9506.0,16.1,1.9,1225.5,70.5,3,0,1,0,0,0,0
370,157.0,14.0,48.9,30.0,36.0,80.0,38.7,66.6,50.5,71.2,60.8,25.0,30.0,12.1,35.0,25.0,12.2,45.2,37.9,285.5,2.7,2.8,7534.0,9.8,3.3,1691.0,9.2,5,0,0,1,0,0,0
371,158.0,39.0,47.9,15.0,23.0,84.5,50.1,47.4,43.2,65.4,70.2,40.0,40.0,7.4,17.0,35.0,5.6,40.8,20.8,130.1,4.1,3.8,6247.0,8.4,8.8,-4284.8,26.6,5,0,0,0,0,0,1
372,169.0,27.0,44.1,15.0,34.0,66.8,41.2,52.8,43.3,59.6,68.8,30.0,30.0,5.6,35.0,35.0,29.5,44.3,41.5,777.9,4.3,4.9,18749.0,7.3,10.6,9082.0,46.9,5,0,0,0,0,1,0
373,52.0,23.0,67.1,20.0,36.0,84.4,82.8,82.7,64.3,70.6,85.4,75.0,70.0,2.3,26.0,20.0,22.0,23.9,3.3,20.4,3.2,0.3,6191.0,16.0,5.8,370.0,41.9,3,0,1,0,0,0,0
374,4.0,4.0,81.4,90.0,81.0,63.7,61.8,94.1,81.6,85.3,86.4,80.0,90.0,1.8,45.0,30.0,26.5,35.7,23.2,999.6,2.4,2.5,43073.0,5.6,2.5,49826.2,28.8,1,1,0,0,0,0,0
375,30.0,16.0,71.2,90.0,69.0,50.1,19.8,78.0,76.7,80.3,88.0,90.0,70.0,1.0,50.0,25.0,43.2,51.7,8.5,361.4,0.4,0.4,42597.0,4.8,2.1,11082.7,74.2,2,0,1,0,0,0,0
376,85.0,17.0,61.0,20.0,28.0,88.1,59.7,74.5,79.1,79.8,76.0,55.0,50.0,4.5,25.0,20.0,12.7,36.7,9.3,102.8,5.8,4.4,11044.0,5.5,2.4,2632.0,13.8,3,1,0,0,0,0,0
377,41.0,4.0,68.7,70.0,71.0,97.8,83.2,68.9,75.3,78.8,52.2,30.0,60.0,18.9,0.0,0.0,15.0,23.7,0.4,11.4,1.9,0.4,32036.0,13.6,0.3,1110.8,56.3,3,0,0,0,0,1,0
378,18.0,1.0,73.4,60.0,48.0,99.9,73.1,72.5,83.1,74.2,78.6,65.0,80.0,5.7,0.0,0.0,3.4,29.9,1.2,40.6,4.9,3.4,34584.0,7.4,3.3,988.8,43.9,2,0,0,1,0,0,0
379,131.0,27.0,53.9,20.0,27.0,72.7,92.0,62.2,63.7,67.7,59.0,45.0,30.0,13.0,25.0,45.0,9.0,16.3,156.3,325.1,5.8,6.1,2080.0,4.3,7.5,1599.1,39.7,4,1,0,0,0,0,0
380,46.0,7.0,67.9,80.0,75.0,73.8,42.1,71.6,69.2,78.2,63.8,65.0,60.0,13.1,35.0,25.0,27.8,43.9,0.3,7.0,-0.7,-0.8,25181.0,12.2,2.3,376.4,92.0,3,0,0,0,0,1,0
381,153.0,42.0,49.8,20.0,29.0,86.4,54.7,72.0,80.1,44.5,81.0,20.0,10.0,2.0,12.0,18.0,29.8,38.9,9.5,149.1,0.9,3.2,15753.0,5.9,18.3,2232.7,36.7,5,0,1,0,0,0,0
382,40.0,18.0,68.8,80.0,75.0,43.6,10.2,90.7,63.7,81.7,88.0,85.0,70.0,1.0,50.0,33.0,45.3,54.7,11.2,422.8,0.2,0.3,37881.0,8.6,1.2,-2405.9,99.8,3,0,1,0,0,0,0
383,117.0,20.0,56.8,30.0,6.7,82.4,78.3,59.1,61.8,79.3,70.4,50.0,50.0,9.8,25.0,25.0,22.5,26.9,0.3,3.0,1.6,2.2,8716.0,8.2,0.5,89.3,75.5,4,0,0,0,0,1,0
384,99.0,11.0,58.8,30.0,36.0,68.3,86.7,55.2,53.2,79.9,58.4,70.0,50.0,15.8,45.0,30.0,15.5,21.0,10.3,16.7,5.6,3.9,1623.0,1.0,1.0,320.1,29.8,4,0,0,0,0,0,1
385,115.0,24.0,57.4,60.0,63.0,82.6,60.1,61.9,81.1,66.0,49.4,20.0,30.0,17.8,25.0,30.0,14.8,36.5,0.7,4.7,5.0,7.3,6370.0,2.1,8.7,21.3,110.7,4,1,0,0,0,0,0
386,163.0,26.0,46.8,10.0,34.0,86.8,60.9,53.7,25.5,69.7,77.6,10.0,40.0,3.7,13.0,25.0,22.9,36.1,11.0,59.2,6.8,4.9,5364.0,3.2,5.7,1749.6,33.1,5,0,0,0,0,1,0
387,97.0,38.0,59.0,20.0,42.0,82.9,27.3,53.5,63.4,84.0,87.2,70.0,60.0,1.4,10.0,10.0,38.8,49.2,3.9,32.1,1.2,-0.2,8280.0,28.6,-0.1,331.7,42.7,4,0,1,0,0,0,0
388,36.0,2.0,69.8,70.0,64.0,79.5,61.9,66.8,70.0,73.9,72.2,70.0,70.0,6.4,25.0,22.0,30.7,35.7,2.1,34.1,3.9,2.8,16377.0,18.4,5.8,188.2,15.9,3,0,0,0,0,0,1
389,118.0,21.0,56.6,50.0,42.0,68.4,50.9,53.6,52.1,69.4,69.6,50.0,60.0,7.7,27.5,34.0,35.3,40.4,198.3,2423.3,2.3,2.6,12221.0,6.6,6.2,64045.3,66.3,4,0,0,0,0,1,0
390,39.0,10.0,68.9,35.0,60.0,87.0,63.6,68.3,96.9,76.6,81.8,70.0,50.0,4.1,0.0,20.0,30.0,34.8,0.4,21.7,-1.2,0.8,53431.0,3.7,0.4,895.0,2.5,3,1,0,0,0,0,0
391,55.0,26.0,66.8,30.0,41.0,91.0,64.5,68.5,76.6,83.2,88.0,65.0,60.0,1.0,10.0,10.0,26.5,34.4,7.2,105.0,0.9,-0.4,14499.0,13.1,0.4,1450.4,17.6,3,0,1,0,0,0,0
392,102.0,13.0,58.6,25.0,38.0,82.4,79.8,49.6,57.8,80.0,68.2,65.0,40.0,8.4,27.5,27.5,15.8,25.9,16.8,26.6,6.8,6.4,1585.0,3.1,2.0,374.3,33.3,4,0,0,0,0,0,1
393,161.0,38.0,46.9,10.0,21.0,86.9,77.9,28.7,79.3,66.1,74.2,15.0,10.0,2.9,20.0,30.0,3.8,27.2,64.9,113.0,7.5,6.2,1740.0,3.5,5.8,2621.0,42.7,5,1,0,0,0,0,0
394,132.0,27.0,53.7,20.0,21.0,73.5,61.3,61.4,68.1,69.8,72.2,60.0,30.0,6.4,35.0,35.0,14.1,35.9,9.0,5.8,4.5,4.3,642.0,8.5,8.8,6.8,31.7,4,0,0,0,0,0,1
395,60.0,3.0,66.4,75.0,58.0,78.3,67.9,61.8,42.1,81.0,69.6,70.0,60.0,10.2,35.0,25.0,18.0,32.7,0.5,2.2,0.5,1.1,4338.0,8.6,1.5,18.7,95.0,3,0,0,0,0,0,1
396,110.0,23.0,57.5,25.0,20.0,90.5,87.5,29.2,62.2,78.7,72.2,60.0,50.0,8.9,20.0,20.0,12.2,20.4,15.4,39.7,7.0,5.5,2576.0,0.3,3.0,1396.0,28.1,4,1,0,0,0,0,0
397,146.0,35.0,51.9,25.0,25.0,71.7,87.8,41.6,47.8,75.6,59.6,35.0,50.0,12.7,35.0,38.5,11.0,20.2,22.0,53.3,4.6,3.7,2423.0,4.0,2.1,572.0,18.6,4,0,0,0,0,0,1
398,6.0,1.0,79.1,90.0,81.0,79.9,48.3,89.0,76.1,77.9,88.4,80.0,80.0,0.8,29.0,15.0,30.7,41.5,35.1,1526.1,2.0,1.4,43472.0,7.1,1.0,62324.7,89.1,2,0,0,0,1,0,0
399,166.0,41.0,45.9,15.0,25.0,65.0,92.0,27.2,37.5,69.6,52.4,45.0,30.0,16.3,50.0,30.0,9.8,16.3,4.6,2.5,-36.0,-6.3,542.0,8.8,6.6,0.8,50.8,5,0,0,0,0,0,1
400,165.0,40.0,45.9,20.0,19.0,46.2,83.6,27.1,47.7,75.6,55.2,45.0,40.0,14.9,60.0,45.0,5.1,23.4,11.0,28.0,3.6,6.0,2539.0,8.6,0.2,538.4,30.2,5,0,0,0,0,0,1
401,7.0,1.0,78.5,90.0,71.0,76.5,83.3,69.3,67.0,85.6,82.0,90.0,70.0,4.0,40.0,20.0,18.8,23.6,17.6,334.8,4.2,4.0,19067.0,5.9,1.8,20258.2,12.2,2,0,0,0,0,1,0
402,139.0,30.0,52.7,20.0,40.0,69.7,81.5,52.1,63.0,74.2,71.8,25.0,30.0,4.1,45.0,25.0,19.4,24.8,1360.8,13395.4,7.7,8.9,9844.0,4.6,2.6,123911.0,22.4,4,1,0,0,0,0,0
403,28.0,2.0,71.7,50.0,36.0,80.3,76.0,81.5,81.7,80.1,81.2,80.0,70.0,4.4,33.0,25.0,16.1,28.3,47.2,527.6,4.3,4.1,11189.0,10.5,2.0,16771.7,31.8,2,0,0,0,0,1,0
404,142.0,32.0,52.1,30.0,28.0,64.5,78.8,47.3,52.0,77.9,73.0,40.0,30.0,6.0,30.0,50.0,12.3,26.6,0.7,0.9,3.5,2.5,1287.0,7.9,2.3,13.9,19.0,4,0,0,0,0,0,1
405,168.0,42.0,45.0,10.0,22.0,72.9,85.7,42.8,38.4,75.1,63.0,20.0,20.0,11.0,30.0,40.0,14.5,21.8,77.0,49.9,8.5,6.5,648.0,7.9,0.8,2098.2,21.6,5,0,0,0,0,0,1
406,170.0,43.0,42.7,10.0,22.0,67.4,60.7,36.8,36.0,71.6,62.4,30.0,30.0,11.3,45.0,34.0,8.7,36.2,4.2,20.0,4.5,5.6,4791.0,7.8,4.6,2038.3,30.8,5,0,0,0,0,0,1
407,51.0,10.0,67.2,50.0,53.0,80.0,89.9,64.5,54.6,75.8,83.8,70.0,50.0,3.1,25.0,30.0,21.9,18.3,4.8,61.6,3.5,3.4,12942.0,7.7,5.2,2652.0,37.0,3,0,0,0,0,1,0
408,103.0,14.0,58.5,35.0,27.0,77.7,82.4,65.4,46.0,75.0,71.4,55.0,50.0,6.8,36.0,25.0,17.6,24.2,24.1,43.8,8.1,3.7,1818.0,3.9,2.6,371.0,43.2,4,0,0,0,0,0,1
409,81.0,35.0,61.5,40.0,48.0,74.9,46.5,55.8,42.8,80.0,87.2,80.0,60.0,1.4,40.0,20.0,22.6,42.2,4.3,77.9,-1.0,-2.5,18191.0,17.2,2.2,580.1,59.8,3,0,1,0,0,0,0
410,45.0,20.0,67.9,70.0,63.0,79.5,36.7,79.5,59.6,82.7,88.0,70.0,50.0,1.0,35.0,12.5,25.9,45.9,0.9,22.3,-6.0,-1.7,25265.0,15.7,0.4,533.3,112.0,3,0,1,0,0,0,0
411,24.0,13.0,72.5,75.0,48.0,81.5,40.6,68.2,82.9,81.2,88.0,80.0,80.0,1.0,15.0,19.0,35.5,44.5,10.5,286.0,-0.9,-0.5,27200.0,7.0,1.4,4990.4,47.9,2,0,1,0,0,0,0
412,11.0,4.0,76.3,95.0,91.0,39.6,1.8,97.4,92.1,87.6,88.0,90.0,80.0,1.0,56.0,24.5,48.0,57.2,5.6,211.9,0.4,-0.7,37900.0,7.1,0.8,2083.2,45.2,2,0,1,0,0,0,0
415,86.0,16.0,61.0,30.0,29.0,84.1,87.1,53.5,57.5,76.0,77.8,75.0,40.0,6.1,25.0,28.0,13.5,20.7,10.4,103.2,4.1,4.7,9911.0,15.0,4.8,1990.5,33.8,3,0,0,0,0,1,0
416,156.0,25.0,49.2,15.0,35.0,79.1,51.0,51.4,51.3,68.2,71.4,30.0,40.0,4.3,35.0,22.0,19.4,40.4,15.8,159.0,4.2,4.2,10080.0,4.5,2.7,702.8,24.3,5,0,0,0,0,1,0
417,124.0,12.0,55.2,20.0,32.0,85.8,68.0,65.4,53.6,67.4,70.0,50.0,40.0,10.0,25.0,25.0,12.9,32.7,84.2,553.6,2.1,3.2,6579.0,12.7,6.9,5553.0,89.2,4,0,0,1,0,0,0
418,62.0,12.0,65.7,35.0,38.0,79.4,85.5,53.3,53.3,82.5,85.2,75.0,70.0,2.4,30.0,30.0,16.0,22.0,6.3,47.5,1.6,0.8,7515.0,6.3,0.8,140.1,54.9,3,0,0,0,0,1,0
419,173.0,44.0,40.4,10.0,19.0,75.4,31.4,37.5,33.5,78.3,53.8,35.0,30.0,15.6,35.0,35.0,2.4,47.8,0.8,17.7,-4.9,-1.3,23370.0,9.1,3.2,1914.0,8.8,5,0,0,0,0,0,1
420,174.0,45.0,38.9,10.0,20.0,57.0,71.8,18.2,65.5,57.8,69.2,0.0,20.0,5.4,30.0,30.0,50.0,30.7,6.3,4.5,1.3,4.6,707.0,8.9,12.3,43.9,126.0,5,0,0,0,0,0,1
421,8.0,2.0,76.8,90.0,68.0,80.6,53.2,81.5,58.7,77.6,88.0,90.0,80.0,1.0,21.0,21.0,32.5,39.5,1.3,29.8,0.8,0.2,23144.0,8.5,3.5,949.8,11.3,2,0,1,0,0,0,0
422,149.0,37.0,51.5,30.0,33.0,77.4,91.4,55.9,56.4,66.1,64.4,20.0,20.0,10.3,35.0,30.0,11.6,16.9,88.8,121.4,9.7,10.1,1366.0,5.7,8.0,953.0,22.2,4,0,0,0,0,0,1
423,98.0,20.0,59.0,25.0,22.3,81.3,74.6,63.2,75.2,78.3,70.2,50.0,50.0,9.9,29.0,20.0,25.0,29.1,0.9,4.5,3.0,1.8,5085.0,8.0,2.9,272.1,52.9,4,1,0,0,0,0,0
424,19.0,9.0,73.4,90.0,89.0,66.4,3.6,92.6,54.8,79.9,88.0,90.0,80.0,1.0,31.8,20.0,44.1,56.7,5.5,194.2,-1.4,-1.0,35617.0,8.1,2.2,-1064.8,57.0,2,0,1,0,0,0,0
425,73.0,33.0,62.5,80.0,71.0,47.5,2.5,80.2,43.5,77.5,83.0,70.0,70.0,1.0,45.0,34.3,45.3,57.0,63.7,2278.0,0.3,0.2,35784.0,10.5,1.0,4875.5,93.9,3,0,1,0,0,0,0
426,104.0,15.0,58.3,40.0,34.0,77.5,74.6,57.9,64.3,78.4,61.0,55.0,40.0,14.5,35.0,30.0,11.2,29.1,1.6,30.4,5.9,4.4,19478.0,19.2,0.5,856.0,22.9,4,0,0,0,0,0,1
427,113.0,19.0,57.5,25.0,28.0,75.4,73.4,55.7,66.7,70.8,65.0,65.0,50.0,12.5,35.0,32.0,14.4,29.8,1.9,3.7,6.3,4.0,1962.0,8.6,5.2,25.3,82.1,4,0,0,0,0,0,1
428,22.0,11.0,73.0,40.0,49.0,87.2,73.8,88.6,79.9,82.7,88.6,80.0,60.0,0.7,20.0,15.0,25.5,29.6,4.5,27.6,3.2,3.7,6145.0,14.3,-0.5,1009.7,31.8,2,0,1,0,0,0,0
429,16.0,7.0,73.8,90.0,78.0,60.8,40.1,88.2,51.2,81.5,88.0,90.0,70.0,1.0,47.5,15.8,37.6,44.7,80.8,3232.5,0.5,0.7,40007.0,5.3,1.6,26720.8,78.1,2,0,1,0,0,0,0
430,71.0,5.0,63.0,50.0,46.0,84.6,70.8,62.5,56.9,69.2,64.8,65.0,60.0,10.1,25.0,25.0,17.1,31.2,25.6,88.5,5.5,8.0,3461.0,4.5,11.7,3226.3,60.1,3,0,0,0,0,0,1
431,130.0,40.0,54.0,40.0,40.0,64.2,0.0,73.3,51.6,77.8,83.0,60.0,50.0,1.0,42.0,26.0,33.8,58.5,11.1,265.6,-3.9,-5.2,24012.0,27.6,-0.9,2566.5,173.8,4,0,1,0,0,0,0
432,87.0,17.0,60.4,20.0,29.0,79.6,94.1,54.7,50.6,76.8,84.6,65.0,50.0,2.7,31.0,31.0,10.9,14.1,15.5,81.8,3.5,2.8,5282.0,2.8,4.3,1308.9,24.4,3,0,0,0,0,1,0
433,144.0,33.0,52.1,15.0,24.0,68.1,79.5,51.6,74.4,66.7,61.2,40.0,40.0,11.9,40.0,35.0,19.0,26.1,11.1,12.5,2.5,2.4,1125.0,3.1,12.0,24.8,37.8,4,0,0,0,0,0,1
434,145.0,34.0,52.0,20.0,19.0,89.1,88.0,39.6,61.7,77.5,65.4,30.0,30.0,9.8,20.0,25.0,8.3,20.0,1.6,1.9,0.3,2.1,1206.0,8.5,0.6,14.5,61.0,4,0,0,0,0,0,1
435,123.0,22.0,55.5,25.0,27.0,68.7,70.8,63.8,74.5,78.4,72.0,45.0,30.0,6.5,33.3,40.0,20.5,31.2,0.8,6.6,4.8,4.5,8250.0,11.2,3.5,240.3,63.9,4,0,0,0,0,1,0
436,151.0,24.0,51.3,10.0,19.0,80.3,76.2,43.1,63.7,73.5,77.6,40.0,30.0,3.7,30.0,30.0,12.9,28.2,10.3,13.6,4.3,2.0,1315.0,7.1,6.8,190.0,21.3,4,0,0,0,0,1,0
437,116.0,19.0,57.4,30.0,26.0,84.9,78.7,53.2,28.0,75.4,77.6,60.0,60.0,6.2,25.0,25.0,16.1,26.6,8.1,39.2,2.6,2.3,4839.0,4.2,5.2,1059.7,40.2,4,0,0,0,0,1,0
438,1.0,1.0,89.6,90.0,75.0,93.2,89.7,100.0,95.9,81.8,90.0,90.0,90.0,0.0,15.0,16.5,13.7,18.5,7.2,381.9,2.9,2.7,52722.0,3.3,4.3,76632.8,0.5,1,1,0,0,0,0,0
439,54.0,25.0,66.8,55.0,54.0,78.7,25.9,74.5,67.7,79.2,88.0,75.0,70.0,1.0,16.0,19.0,38.9,49.7,9.9,198.2,1.1,-1.0,20065.0,10.5,1.7,3091.1,79.2,3,0,1,0,0,0,0
440,26.0,14.0,72.0,90.0,78.0,72.0,32.6,90.5,62.2,77.0,88.0,70.0,60.0,1.0,31.8,20.0,37.2,47.4,0.3,13.2,2.9,-0.8,41000.0,5.6,3.9,347.1,90.2,2,0,1,0,0,0,0
441,128.0,26.0,54.6,55.0,36.0,79.4,78.3,43.3,48.7,65.3,64.6,35.0,40.0,7.7,30.9,32.4,7.3,26.9,1243.3,5069.2,4.4,6.9,4077.0,3.7,9.5,28199.4,66.7,4,1,0,0,0,0,0
442,105.0,22.0,58.1,30.0,32.0,83.3,88.3,49.3,48.7,74.9,74.8,40.0,60.0,2.6,30.0,25.0,11.9,19.7,248.0,1292.8,5.8,5.9,5214.0,6.0,6.4,18444.0,26.1,4,1,0,0,0,0,0
443,171.0,15.0,41.8,10.0,25.0,81.2,93.0,57.0,51.3,48.7,41.4,0.0,10.0,21.8,35.0,25.0,5.9,15.3,77.1,945.5,-1.7,1.0,12264.0,13.2,35.2,3049.9,10.6,5,0,0,1,0,0,0
445,9.0,3.0,76.6,85.0,72.0,73.6,45.6,82.1,76.2,83.9,88.0,90.0,70.0,1.0,41.0,12.5,28.3,42.6,4.8,188.9,-0.3,-1.1,39547.0,13.6,0.5,35519.7,122.8,2,0,1,0,0,0,0
446,33.0,4.0,70.5,75.0,61.0,61.9,47.8,72.4,67.1,81.6,88.6,80.0,70.0,0.7,48.0,26.5,28.3,41.7,7.9,273.7,3.3,3.6,34770.0,6.7,1.5,11803.8,66.7,2,0,0,1,0,0,0
447,80.0,34.0,61.7,55.0,43.0,54.2,23.2,71.9,55.4,81.2,88.0,85.0,60.0,1.0,43.0,27.5,44.4,50.6,59.7,1807.8,-1.9,-1.5,30289.0,12.2,1.3,16507.8,132.5,3,0,1,0,0,0,0
448,48.0,9.0,67.7,40.0,38.0,81.5,73.2,85.9,76.5,71.4,75.0,85.0,50.0,7.5,25.0,25.0,24.4,29.9,2.8,25.2,0.5,-0.7,9048.0,15.0,9.4,567.1,138.9,3,0,0,0,0,1,0
449,20.0,6.0,73.3,80.0,74.0,68.7,47.1,84.1,90.2,86.7,82.6,70.0,50.0,1.2,40.8,25.5,28.6,42.0,127.3,4698.8,1.5,0.3,36899.0,4.1,0.4,2303.7,243.2,2,1,0,0,0,0,0
450,38.0,5.0,69.3,60.0,45.0,93.7,70.7,59.1,74.4,80.6,79.6,70.0,60.0,5.2,14.0,14.0,15.3,31.2,6.5,40.0,3.3,3.2,6115.0,12.6,5.5,1798.5,87.7,3,0,0,1,0,0,0
451,69.0,11.0,63.3,25.0,26.0,93.2,85.0,73.7,87.0,74.6,79.0,40.0,50.0,3.0,10.0,20.0,13.5,22.4,17.2,246.9,6.0,5.4,14391.0,5.2,5.8,9738.5,13.5,3,1,0,0,0,0,0
452,122.0,23.0,55.6,30.0,27.0,78.0,72.1,47.9,63.8,72.8,64.0,50.0,50.0,10.5,30.0,30.0,20.1,30.5,44.4,80.4,5.6,4.6,1812.0,9.2,5.7,514.4,50.5,4,0,0,0,0,0,1
454,29.0,7.0,71.5,75.0,55.0,72.5,67.9,89.7,51.1,81.6,72.6,70.0,80.0,8.7,38.0,24.2,26.8,32.7,50.2,1666.8,2.8,3.0,33189.0,3.2,1.3,12220.7,36.7,2,1,0,0,0,0,0
455,74.0,7.0,62.5,45.0,43.0,97.7,61.1,58.6,64.2,74.0,76.2,55.0,50.0,4.4,0.0,15.0,0.7,36.0,3.9,154.5,0.8,0.6,39706.0,3.1,2.7,2329.0,5.3,3,0,0,1,0,0,0
456,82.0,15.0,61.3,20.0,24.0,93.6,53.2,73.7,85.0,73.8,80.2,60.0,50.0,2.4,10.0,10.0,21.0,39.5,5.6,14.7,10.5,3.5,2611.0,7.9,6.6,757.6,47.7,3,1,0,0,0,0,0
457,150.0,33.0,51.4,15.0,26.0,86.2,86.8,59.5,57.1,74.5,58.6,30.0,20.0,13.2,24.0,24.0,15.0,21.0,6.8,20.8,8.2,7.9,3068.0,1.4,6.4,296.0,62.0,4,1,0,0,0,0,0
458,37.0,17.0,69.7,50.0,53.0,84.4,59.2,82.1,61.5,83.8,88.0,85.0,50.0,1.0,24.0,15.0,27.6,36.9,2.0,38.9,4.1,-1.3,19120.0,10.9,0.0,808.3,32.1,3,0,1,0,0,0,0
459,94.0,10.0,59.3,20.0,28.0,91.3,70.6,54.7,60.7,72.0,75.8,60.0,60.0,7.1,20.0,15.0,15.7,31.3,4.5,66.3,1.0,4.5,14845.0,6.6,3.2,2832.7,139.7,4,0,0,1,0,0,0
460,155.0,38.0,49.6,35.0,49.0,68.5,0.0,54.7,63.9,75.2,64.6,45.0,40.0,12.7,35.0,25.0,36.1,61.1,1.9,4.3,5.8,5.2,2255.0,27.0,5.3,44.1,39.6,5,0,0,0,0,0,1
461,141.0,31.0,52.7,25.0,38.0,83.0,69.9,60.1,43.9,72.7,74.4,40.0,20.0,5.3,25.0,25.0,21.1,31.7,4.1,2.9,8.0,7.0,703.0,3.8,7.6,1061.3,29.5,4,0,0,0,0,0,1
463,15.0,6.0,74.7,60.0,57.0,92.9,61.3,84.9,62.0,81.2,88.0,80.0,80.0,1.0,15.0,15.0,16.0,35.9,3.0,67.6,3.3,-0.4,22747.0,12.1,1.2,531.1,39.3,2,0,1,0,0,0,0
464,21.0,10.0,73.2,90.0,80.0,62.3,42.2,71.3,42.1,80.7,88.0,95.0,80.0,1.0,43.6,21.0,37.8,43.9,0.5,42.6,2.0,0.2,78670.0,5.7,1.7,30075.4,22.9,2,0,1,0,0,0,0
465,53.0,24.0,67.1,35.0,44.0,91.4,65.6,79.2,70.7,79.0,86.2,60.0,60.0,1.9,10.0,10.0,25.6,33.8,2.1,22.6,3.1,1.5,10904.0,29.7,2.8,333.9,35.8,3,0,1,0,0,0,0
467,126.0,25.0,54.8,40.0,37.0,78.5,49.0,49.1,63.1,53.8,72.2,55.0,50.0,6.4,30.0,30.0,18.8,41.2,17.1,15.0,5.0,5.3,879.0,7.6,27.7,118.4,68.9,4,0,0,0,0,0,1
468,31.0,8.0,70.8,55.0,50.0,84.4,74.0,93.5,75.7,80.8,80.0,55.0,60.0,5.0,26.0,25.0,16.1,29.5,29.6,525.7,4.7,4.2,17748.0,3.2,2.1,12305.7,58.2,2,1,0,0,0,0,0
469,134.0,28.0,53.4,25.0,21.9,95.5,50.6,85.8,73.4,74.1,47.8,30.0,30.0,21.1,0.0,0.0,21.2,40.6,0.3,3.1,3.7,2.8,9173.0,11.7,4.0,325.3,80.7,4,1,0,0,0,0,0
470,119.0,21.0,56.4,25.0,28.0,69.6,89.2,47.2,50.7,81.1,73.2,60.0,40.0,8.4,40.0,35.0,14.5,19.0,16.9,18.6,1.7,2.9,1103.0,8.5,-0.6,410.3,31.5,4,0,0,0,0,0,1
471,58.0,28.0,66.5,75.0,56.0,63.1,44.4,61.0,55.6,81.8,88.0,80.0,60.0,1.0,35.0,35.0,35.2,43.1,0.4,11.6,2.4,1.1,27840.0,6.5,1.0,-2099.8,71.7,3,0,1,0,0,0,0
472,135.0,28.0,53.3,25.0,30.0,80.2,59.8,50.5,52.1,76.6,69.0,50.0,40.0,8.0,30.0,25.0,21.3,36.6,3.7,8.2,6.7,4.1,2218.0,30.9,4.1,1154.1,87.7,4,0,0,0,0,0,1
473,10.0,1.0,76.4,65.0,52.0,91.9,87.4,78.0,68.2,77.6,88.4,85.0,70.0,0.8,15.0,15.0,18.9,20.5,1.3,20.9,3.1,3.5,16056.0,8.1,3.5,258.6,53.8,2,0,0,0,0,0,1
474,59.0,3.0,66.4,50.0,34.0,77.8,78.0,71.5,59.9,77.6,85.6,70.0,60.0,2.2,35.0,30.0,10.0,27.1,118.4,1842.6,1.1,1.8,15563.0,5.0,3.8,38285.7,46.5,3,0,0,0,1,0,0
476,111.0,39.0,57.5,40.0,35.0,85.1,51.8,66.8,40.6,76.1,79.8,50.0,50.0,2.6,18.0,12.0,32.0,40.1,3.6,13.3,8.9,3.0,3736.0,5.9,4.6,231.3,24.4,4,0,1,0,0,0,0
478,66.0,31.0,64.7,40.0,44.0,92.6,36.7,77.1,77.5,79.7,84.8,65.0,50.0,2.6,9.0,9.0,24.0,45.9,0.6,7.4,3.4,0.1,11913.0,19.7,2.2,447.4,56.8,3,0,1,0,0,0,0
479,89.0,9.0,60.1,40.0,37.0,70.9,61.0,68.8,33.4,81.9,78.2,70.0,60.0,3.4,38.0,30.0,23.7,36.1,32.9,179.2,4.5,4.1,5456.0,9.2,1.9,3358.4,61.9,3,0,0,1,0,0,0
480,125.0,24.0,54.8,30.0,30.0,75.2,66.5,60.9,37.9,82.0,75.4,40.0,50.0,4.8,32.0,32.0,20.8,33.4,25.9,28.2,7.1,7.0,1090.0,8.5,4.2,5935.1,43.3,4,0,0,0,0,0,1
481,93.0,10.0,59.6,30.0,48.0,66.7,56.0,64.3,90.9,74.3,71.2,55.0,40.0,6.9,37.0,34.0,28.4,38.3,2.2,17.8,4.3,4.0,8191.0,17.7,6.2,699.1,26.6,4,0,0,0,0,0,1
482,152.0,34.0,51.3,30.0,31.0,85.6,88.9,65.7,44.3,70.5,61.8,5.0,30.0,11.6,25.0,25.0,13.9,19.2,27.9,42.1,3.6,4.3,1508.0,2.7,9.9,73.6,31.0,4,1,0,0,0,0,0
483,17.0,8.0,73.7,90.0,83.0,51.8,23.8,84.3,66.3,79.8,88.0,90.0,80.0,1.0,52.0,25.0,38.6,50.4,16.8,700.5,-0.8,-0.7,41711.0,6.7,2.6,24388.9,74.9,2,0,1,0,0,0,0
484,3.0,3.0,82.1,95.0,91.0,70.4,43.0,95.5,91.4,87.6,86.8,80.0,80.0,1.6,33.0,28.0,32.9,43.6,4.5,136.6,2.4,1.5,30493.0,6.4,1.1,986.5,35.9,1,1,0,0,0,0,0
485,108.0,18.0,57.6,10.0,28.0,78.4,76.6,58.0,56.7,67.8,85.4,65.0,50.0,2.3,30.0,30.0,18.9,28.0,6.1,27.9,4.2,3.2,4554.0,7.2,7.4,848.7,42.4,4,0,0,0,0,1,0
486,127.0,26.0,54.6,30.0,34.0,76.6,83.6,39.2,40.9,81.3,65.6,55.0,40.0,9.7,35.0,30.0,14.5,23.4,16.6,13.8,3.6,4.8,829.0,5.0,2.3,631.4,33.8,4,0,0,0,0,0,1
487,120.0,22.0,55.6,30.0,25.0,85.2,76.1,48.3,77.7,70.4,63.8,40.0,40.0,10.6,24.0,30.0,3.0,28.2,169.3,479.3,6.3,7.0,2831.0,7.5,8.5,5609.0,19.4,4,0,0,0,0,0,1
488,27.0,15.0,71.8,90.0,86.0,52.1,43.8,92.1,48.2,81.7,89.4,75.0,60.0,0.3,47.8,27.0,42.2,43.3,5.1,280.0,0.8,0.8,54947.0,3.5,2.1,9329.7,29.5,2,0,1,0,0,0,0
489,56.0,6.0,66.7,55.0,47.0,98.5,44.2,68.4,76.1,76.2,76.8,65.0,60.0,4.1,0.0,12.0,2.5,43.1,3.2,95.0,5.1,4.7,29813.0,8.0,1.3,1625.5,7.0,3,0,0,1,0,0,0
490,121.0,25.0,55.6,30.0,28.0,77.7,86.1,65.6,42.1,71.2,65.6,50.0,40.0,9.7,30.0,35.0,10.4,21.5,182.6,575.0,3.6,2.9,3149.0,5.2,7.4,1307.0,63.1,4,1,0,0,0,0,0
491,68.0,14.0,64.1,30.0,35.0,84.5,78.8,71.5,41.5,76.4,78.4,75.0,70.0,5.8,25.0,25.0,17.4,26.6,3.7,62.0,8.0,8.2,16658.0,4.0,4.0,4651.3,41.3,3,0,0,0,0,1,0
492,137.0,29.0,53.1,20.0,25.0,66.9,68.7,53.5,74.5,72.7,85.0,35.0,30.0,2.5,42.0,30.0,25.4,32.3,7.0,19.8,4.6,7.4,2834.0,2.4,3.8,18.2,32.6,4,1,0,0,0,0,0
493,83.0,15.0,61.1,30.0,24.0,96.0,81.9,58.4,26.3,78.3,81.4,75.0,60.0,4.3,10.0,10.0,14.3,24.6,6.8,46.4,13.0,4.8,6823.0,5.2,2.7,382.4,15.2,3,0,0,0,0,1,0
494,47.0,8.0,67.7,40.0,38.0,78.6,88.5,67.7,63.4,83.9,87.0,70.0,60.0,1.5,30.0,30.0,18.5,19.6,30.9,344.2,5.0,5.5,11124.0,3.8,2.8,10172.3,19.6,3,0,0,0,0,1,0
495,76.0,13.0,62.2,30.0,36.0,79.1,89.3,55.3,58.2,78.8,75.4,60.0,60.0,4.8,32.0,30.0,12.9,18.9,97.5,456.4,7.2,5.2,4682.0,7.3,2.9,3859.8,38.3,3,1,0,0,0,0,0
496,42.0,19.0,68.6,60.0,60.0,82.1,47.1,67.3,60.4,81.3,88.0,70.0,70.0,1.0,32.0,19.0,20.1,42.0,38.5,817.5,1.6,2.7,21214.0,10.4,0.9,-6037.7,57.5,3,0,1,0,0,0,0
497,64.0,30.0,65.3,70.0,62.0,61.1,28.8,87.5,42.9,82.8,88.0,70.0,60.0,1.0,48.0,23.0,32.5,48.7,10.6,244.8,-1.4,-1.4,23068.0,16.9,0.4,3114.0,128.8,3,0,1,0,0,0,0
498,32.0,3.0,70.8,70.0,68.0,99.7,71.9,70.5,71.2,79.7,81.8,45.0,50.0,4.1,0.0,0.0,5.1,30.6,2.0,199.6,6.1,10.7,98814.0,0.6,3.1,-840.4,34.2,2,0,0,1,0,0,0
499,57.0,27.0,66.6,40.0,43.0,86.9,62.3,69.8,68.6,77.3,88.0,80.0,50.0,1.0,16.0,16.0,28.2,35.4,21.3,285.1,3.5,-0.3,13396.0,7.4,4.0,3616.8,39.3,3,0,1,0,0,0,0
500,143.0,41.0,52.1,20.0,28.0,86.1,57.8,76.3,58.9,63.9,75.0,25.0,30.0,5.0,13.0,20.0,28.7,37.5,142.9,2556.2,1.3,1.0,17884.0,5.8,6.8,79262.0,13.4,4,0,1,0,0,0,0
501,65.0,4.0,64.8,30.0,53.0,80.2,79.2,59.5,84.5,76.0,80.8,65.0,40.0,4.6,30.0,30.0,13.6,26.3,10.6,16.4,5.0,6.9,1538.0,0.6,4.2,110.8,29.4,3,0,0,0,0,0,1
506,77.0,8.0,62.1,40.0,46.0,99.7,61.9,65.8,72.7,68.4,76.4,40.0,50.0,4.3,2.5,2.5,3.7,35.7,30.0,937.2,3.8,5.5,31245.0,5.5,3.5,9298.0,2.7,3,0,0,1,0,0,0
507,106.0,16.0,57.8,40.0,41.0,71.3,74.6,54.6,39.5,83.0,74.0,60.0,40.0,8.0,40.0,30.0,19.2,29.1,14.1,27.7,4.0,3.2,1958.0,9.9,0.8,298.3,45.9,4,0,0,0,0,0,1
508,90.0,37.0,60.0,45.0,42.0,82.4,27.1,57.8,70.4,72.2,78.2,75.0,50.0,5.9,15.0,15.0,36.2,49.3,7.2,81.1,2.5,-0.0,11269.0,22.6,7.7,1377.4,65.8,3,0,1,0,0,0,0
510,147.0,36.0,51.7,10.0,30.0,80.8,87.5,53.4,41.6,68.5,70.2,55.0,20.0,9.9,30.0,30.0,11.1,20.4,6.1,9.4,16.3,9.1,1542.0,3.2,9.8,579.1,32.6,4,0,0,0,0,0,1
511,2.0,2.0,89.4,90.0,86.0,91.2,93.8,96.9,96.9,83.7,90.0,85.0,80.0,0.0,20.0,17.0,14.0,14.4,5.4,348.7,4.1,5.2,64584.0,3.1,2.4,63772.3,103.8,1,1,0,0,0,0,0
512,50.0,22.0,67.2,50.0,47.0,80.8,55.1,69.6,56.5,75.5,88.0,80.0,70.0,1.0,25.0,22.0,28.5,38.7,5.4,133.1,0.9,1.0,24605.0,14.0,1.5,591.0,54.9,3,0,1,0,0,0,0
513,88.0,36.0,60.3,60.0,57.0,58.1,0.0,81.2,57.1,81.3,88.0,70.0,50.0,1.0,50.0,17.0,37.4,59.4,2.1,57.4,-1.1,-2.0,27900.0,10.6,1.6,-678.6,73.0,3,0,1,0,0,0,0
514,159.0,36.0,47.0,30.0,25.0,61.1,25.7,67.7,68.6,74.3,73.0,15.0,30.0,8.5,40.0,30.0,37.3,49.8,0.6,1.9,2.9,4.2,3455.0,3.9,6.1,105.3,14.6,5,1,0,0,0,0,0
515,72.0,6.0,62.6,50.0,42.0,69.5,68.2,73.0,61.6,74.9,76.6,50.0,60.0,4.2,40.0,28.0,25.8,32.6,53.0,596.5,1.9,1.9,11259.0,25.3,5.8,8187.9,45.2,3,0,0,0,0,0,1
516,49.0,21.0,67.6,70.0,59.0,53.1,39.8,77.5,52.6,81.3,88.0,85.0,70.0,1.0,52.0,30.0,32.9,44.8,46.6,1391.3,-1.2,-1.4,29851.0,26.7,1.5,39166.6,93.9,3,0,1,0,0,0,0
519,129.0,23.0,54.2,35.0,36.0,69.3,73.8,42.2,81.9,77.2,66.2,30.0,30.0,11.9,38.0,36.0,18.3,29.5,0.5,7.2,4.7,4.4,13116.0,12.4,1.9,112.8,29.2,4,0,0,0,0,1,0
520,91.0,8.0,59.9,40.0,39.0,76.4,68.6,60.5,69.3,73.9,76.0,55.0,40.0,7.0,33.0,27.5,22.7,32.4,1.1,6.8,2.8,1.4,6218.0,22.9,5.6,67.0,18.8,4,0,0,0,0,0,1
521,23.0,12.0,72.7,90.0,89.0,43.0,19.2,87.9,54.0,85.5,88.0,90.0,80.0,1.0,57.0,22.0,44.3,51.9,9.6,396.8,1.5,1.3,41188.0,8.0,-0.0,8149.5,41.4,2,0,1,0,0,0,0
522,5.0,1.0,80.5,90.0,85.0,70.3,65.1,78.1,75.3,86.3,90.0,85.0,80.0,0.0,40.0,24.0,28.2,34.1,8.0,371.6,2.0,1.2,46430.0,4.4,-0.2,-5252.1,49.4,1,0,1,0,0,0,0
523,14.0,5.0,75.1,70.0,61.0,80.4,87.1,92.4,55.2,83.3,86.4,75.0,60.0,1.8,40.0,17.0,8.7,20.7,23.4,929.5,2.1,3.3,39767.0,4.1,0.8,3688.0,41.0,2,1,0,0,0,0,0
524,140.0,31.0,52.7,20.0,22.0,92.1,81.9,65.4,46.4,69.6,74.6,25.0,30.0,5.2,13.0,15.0,19.9,24.6,8.1,19.1,7.4,6.5,2354.0,10.8,5.0,107.8,29.2,4,1,0,0,0,0,0
525,109.0,17.0,57.5,30.0,33.0,79.9,79.3,45.0,61.4,69.7,67.0,60.0,50.0,11.5,30.0,30.0,14.4,26.3,46.3,79.4,7.0,6.7,1715.0,3.5,7.9,1872.4,41.0,4,0,0,0,0,0,1
526,75.0,12.0,62.4,40.0,35.0,81.5,81.4,72.5,63.5,69.9,75.4,45.0,60.0,4.8,35.0,20.0,15.0,24.9,68.2,673.7,2.9,2.9,9875.0,0.8,2.2,12945.6,45.3,3,1,0,0,0,0,0
528,138.0,30.0,53.0,30.0,29.0,69.7,78.1,51.9,43.4,80.4,67.8,50.0,30.0,11.1,45.0,27.0,16.5,27.0,6.8,7.4,5.6,4.8,1084.0,8.5,2.0,84.2,43.3,4,0,0,0,0,0,1
530,67.0,13.0,64.1,50.0,38.0,79.0,69.3,65.3,76.6,74.3,78.6,60.0,50.0,5.7,25.0,25.0,29.2,32.0,1.3,27.5,1.6,-0.8,20438.0,6.6,5.2,1712.6,30.6,3,0,0,0,0,1,0
531,107.0,11.0,57.7,40.0,41.0,74.3,70.8,81.2,69.1,74.8,61.2,35.0,30.0,14.4,35.0,30.0,21.0,31.2,10.9,108.4,2.7,2.1,9932.0,17.5,6.1,1095.6,44.4,4,0,0,1,0,0,0
532,70.0,32.0,63.2,45.0,50.0,76.1,57.6,61.0,50.2,72.4,84.6,75.0,60.0,2.7,35.0,20.0,27.7,37.6,76.5,1174.2,4.3,3.8,15353.0,9.9,7.5,12866.0,35.8,3,0,1,0,0,0,0
533,172.0,41.0,41.4,5.0,17.0,94.0,93.5,30.0,20.0,64.2,80.0,0.0,10.0,0.0,10.0,8.0,21.0,14.7,5.7,54.2,10.2,10.2,9510.0,10.7,6.6,3061.0,20.6,5,1,0,0,0,0,0
534,92.0,9.0,59.7,25.0,26.0,73.3,89.0,43.3,87.5,76.3,76.6,60.0,40.0,6.7,40.0,30.0,13.1,19.1,36.8,54.6,6.0,5.1,1484.0,3.8,5.4,1145.9,33.9,4,0,0,0,0,0,1
535,162.0,43.0,46.9,20.0,25.0,78.7,28.0,59.3,48.2,78.6,85.8,15.0,30.0,2.1,17.0,18.0,38.9,49.0,45.4,336.8,0.1,-1.3,7423.0,7.9,-0.3,3771.0,41.0,5,0,1,0,0,0,0
536,25.0,2.0,72.4,55.0,69.0,99.5,85.8,74.7,83.8,83.8,82.4,40.0,50.0,3.8,0.0,0.0,7.2,21.8,9.0,272.0,4.8,1.9,30122.0,3.8,1.1,10488.0,12.3,2,0,0,1,0,0,0
537,13.0,5.0,75.8,90.0,76.0,62.9,30.3,91.1,75.6,74.4,88.0,90.0,80.0,1.0,45.0,21.0,35.2,48.2,64.1,2390.9,1.8,-0.1,37307.0,7.5,2.6,37100.9,90.1,2,0,1,0,0,0,0
538,12.0,2.0,76.2,80.0,73.0,66.2,51.8,88.8,98.5,76.6,87.0,70.0,70.0,1.5,39.6,35.0,24.3,40.1,316.4,16799.7,1.9,1.2,53101.0,7.5,1.5,187528.0,104.5,2,0,0,0,1,0,0
539,43.0,5.0,68.6,70.0,73.0,77.1,65.1,72.6,64.3,71.6,81.8,80.0,30.0,4.1,30.0,25.0,27.6,34.1,3.4,56.7,4.2,5.1,16723.0,6.3,8.6,2796.1,59.4,3,0,0,0,0,1,0
540,160.0,37.0,47.0,15.0,17.0,90.2,67.3,73.1,64.2,63.5,69.8,0.0,10.0,5.1,22.0,9.0,20.3,33.0,30.2,113.8,8.0,8.2,3762.0,10.8,11.2,1077.0,8.6,5,1,0,0,0,0,0
542,176.0,28.0,34.3,5.0,20.0,75.0,52.0,41.6,24.2,42.8,62.8,0.0,20.0,8.6,34.0,34.0,13.6,40.0,30.0,407.9,1.0,1.2,13605.0,7.6,40.7,7040.0,49.8,5,0,0,0,0,1,0
543,148.0,32.0,51.7,15.0,31.0,79.1,77.1,61.5,62.9,66.8,78.6,15.0,30.0,5.7,35.0,22.0,19.6,27.6,89.7,359.8,5.4,5.7,4012.0,1.9,6.6,8900.0,55.0,4,1,0,0,0,0,0
544,133.0,13.0,53.7,30.0,18.0,91.5,59.9,54.0,57.1,68.5,77.6,50.0,30.0,6.2,20.0,20.0,7.0,36.6,26.7,61.8,4.4,0.9,2316.0,17.2,11.1,-133.6,49.9,4,0,0,1,0,0,0
545,100.0,12.0,58.7,30.0,38.0,71.9,78.0,68.2,46.0,73.2,76.8,55.0,50.0,4.1,35.0,35.0,19.1,27.1,14.5,25.5,6.0,6.8,1754.0,13.2,7.0,1810.9,35.1,4,0,0,0,0,0,1
546,175.0,46.0,37.6,10.0,21.0,66.6,74.2,37.1,23.7,75.4,58.4,0.0,10.0,13.3,45.0,25.0,26.3,29.3,13.1,10.3,3.0,8.9,788.0,5.5,1.6,400.0,54.7,5,0,0,0,0,0,1
548,59.0,27.0,65.9,35.0,33.0,87.8,75.0,67.6,51.5,81.7,87.6,70.0,70.0,1.2,23.0,15.0,21.7,28.9,2.8,31.6,2.1,2.3,11377.0,16.1,1.6,1093.5,72.6,3,0,1,0,0,0,0
549,154.0,13.0,50.1,25.0,36.0,81.0,59.4,62.1,48.2,68.1,60.8,30.0,30.0,12.1,35.0,23.0,12.2,38.0,38.7,551.8,4.1,3.3,14259.0,9.5,2.9,1488.0,8.8,4,0,0,1,0,0,0
550,156.0,39.0,48.9,15.0,19.0,87.8,50.1,50.3,44.8,72.2,70.2,40.0,40.0,4.9,17.0,30.0,6.0,40.8,24.4,175.6,4.2,4.7,7203.0,6.8,7.3,-3881.0,38.0,5,0,0,0,0,0,1
551,169.0,27.0,43.8,15.0,34.0,66.1,51.3,56.0,43.9,44.0,67.4,30.0,30.0,6.3,35.0,35.0,30.6,40.3,42.0,947.6,0.5,4.4,22582.0,8.2,37.6,6612.0,48.6,5,0,0,0,0,1,0
552,54.0,23.0,67.0,20.0,37.0,83.8,80.7,77.5,62.2,72.8,85.6,80.0,70.0,2.2,26.0,20.0,23.4,25.4,3.3,24.3,3.4,4.2,7374.0,17.1,3.1,382.8,44.2,3,0,1,0,0,0,0
553,5.0,4.0,80.3,90.0,80.0,63.2,62.0,89.4,77.2,85.2,86.4,80.0,90.0,1.8,45.0,30.0,27.5,35.6,23.6,1095.4,2.7,2.7,46433.0,6.0,2.5,51854.2,34.3,1,1,0,0,0,0,0
554,28.0,15.0,71.7,90.0,72.0,50.7,22.4,79.4,72.5,81.7,88.0,90.0,70.0,1.0,50.0,25.0,42.5,50.9,8.5,395.5,0.3,1.3,46420.0,5.0,1.5,4674.9,86.8,2,0,1,0,0,0,0
555,91.0,16.0,60.2,20.0,29.0,88.0,56.7,70.3,75.2,77.0,75.8,60.0,50.0,4.6,25.0,20.0,13.3,38.0,9.4,165.3,2.8,3.2,17618.0,5.2,1.4,4430.4,16.4,3,1,0,0,0,0,0
556,31.0,2.0,70.9,70.0,71.0,97.9,84.3,70.7,72.8,78.5,64.0,40.0,60.0,13.0,0.0,0.0,14.4,22.8,0.4,9.0,1.3,1.1,25049.0,15.4,1.2,1595.9,60.4,2,0,0,0,0,1,0
557,18.0,1.0,74.3,60.0,49.0,99.9,75.4,71.9,79.1,74.6,82.6,70.0,80.0,3.7,0.0,0.0,3.1,28.6,1.2,61.9,4.7,4.0,51714.0,4.1,2.5,957.4,43.8,2,0,0,1,0,0,0
558,137.0,29.0,53.3,20.0,25.0,72.7,93.6,52.6,62.5,68.2,63.6,45.0,30.0,10.7,25.0,45.0,9.0,14.6,158.2,533.7,6.1,6.2,3373.0,4.3,7.0,1526.7,33.9,4,1,0,0,0,0,0
559,45.0,7.0,68.3,80.0,74.0,75.8,37.6,70.2,67.3,80.8,62.2,75.0,60.0,13.9,35.0,25.0,23.9,45.6,0.3,4.5,-0.3,0.1,16183.0,12.0,1.9,275.1,100.4,3,0,0,0,0,1,0
560,157.0,43.0,48.8,20.0,31.0,88.6,44.8,69.0,74.9,50.4,79.0,20.0,10.0,3.0,13.0,18.0,25.4,42.9,9.5,172.0,1.6,3.5,18161.0,5.9,18.1,1798.2,37.9,5,0,1,0,0,0,0
561,44.0,21.0,68.4,80.0,76.0,44.2,11.0,85.4,60.5,84.0,88.0,85.0,70.0,1.0,50.0,33.0,44.6,54.5,11.2,481.5,1.0,1.1,42973.0,8.5,0.5,-4956.7,105.6,3,0,1,0,0,0,0
562,118.0,20.0,57.4,35.0,6.7,82.1,71.9,63.3,60.3,79.2,70.0,55.0,50.0,10.0,25.0,25.0,23.2,30.6,0.4,2.9,3.4,2.7,8248.0,11.5,0.9,141.1,76.3,4,0,0,0,0,1,0
563,101.0,12.0,59.3,30.0,39.0,68.1,84.9,51.3,53.8,82.2,58.8,75.0,50.0,15.6,45.0,30.0,16.3,22.4,10.6,19.8,5.5,4.5,1870.0,1.0,-1.0,377.4,30.9,4,0,0,0,0,0,1
564,97.0,20.0,59.5,60.0,65.0,83.1,67.5,65.2,77.6,66.9,60.0,20.0,30.0,10.0,25.0,30.0,13.0,32.9,0.8,5.9,6.4,7.4,7641.0,2.8,7.7,5.8,107.5,4,1,0,0,0,0,0
565,160.0,26.0,47.4,10.0,35.0,86.4,55.5,58.8,31.7,65.0,76.6,15.0,40.0,4.2,13.0,25.0,23.8,38.5,11.2,70.0,5.4,5.3,6221.0,2.7,5.8,647.8,32.4,5,0,0,0,0,1,0
566,108.0,39.0,58.6,20.0,39.0,83.9,33.1,54.6,59.4,84.3,87.0,65.0,60.0,1.5,10.0,10.0,37.6,47.2,3.9,38.1,0.8,0.8,9833.0,27.9,-0.9,564.0,44.9,4,0,1,0,0,0,0
567,30.0,2.0,71.1,70.0,63.0,79.1,68.4,66.4,68.5,76.3,84.0,65.0,70.0,0.5,25.0,22.0,31.3,32.4,2.1,33.7,4.9,6.0,16036.0,18.2,3.9,393.2,14.5,2,0,0,0,0,0,1
568,122.0,21.0,56.5,45.0,43.0,69.7,55.2,61.4,52.5,64.2,69.4,55.0,50.0,7.8,27.5,34.0,33.4,38.6,202.8,3263.8,0.1,3.2,16096.0,6.8,6.3,62494.8,65.2,4,0,0,0,0,1,0
569,51.0,10.0,67.3,30.0,60.0,87.0,57.3,71.3,90.2,76.8,85.2,65.0,50.0,2.4,0.0,20.0,30.0,37.7,0.4,30.2,-0.7,0.9,73233.0,3.8,-0.2,567.9,2.6,3,1,0,0,0,0,0
570,60.0,28.0,65.9,30.0,43.0,91.1,60.4,66.9,71.6,82.6,88.0,65.0,60.0,1.0,10.0,10.0,26.3,36.3,7.2,128.6,1.7,1.2,17860.0,11.6,-1.6,1710.3,26.9,3,0,1,0,0,0,0
571,104.0,14.0,59.1,30.0,38.0,82.8,76.8,46.3,58.9,84.9,68.2,65.0,40.0,8.4,27.5,27.5,14.5,27.8,17.4,29.3,4.0,6.4,1682.0,3.1,-0.3,341.9,28.3,4,0,0,0,0,0,1
572,158.0,36.0,48.7,10.0,21.0,86.6,75.3,32.6,76.8,70.0,74.2,20.0,20.0,2.9,20.0,30.0,6.1,28.7,51.4,242.0,7.7,6.9,4706.0,3.3,5.9,946.2,16.8,5,1,0,0,0,0,0
573,133.0,28.0,53.9,20.0,20.0,73.8,70.5,54.2,67.6,73.8,74.2,55.0,30.0,5.4,35.0,35.0,13.1,31.4,9.2,8.4,4.7,4.5,911.0,6.9,4.4,32.0,30.5,4,0,0,0,0,0,1
574,57.0,3.0,66.5,75.0,57.0,78.1,66.9,61.3,43.6,84.5,68.2,70.0,60.0,10.9,35.0,25.0,18.5,33.2,0.5,3.3,1.0,1.6,6324.0,9.2,-0.2,78.1,112.2,3,0,0,0,0,0,1
575,112.0,24.0,57.9,25.0,21.0,90.5,87.4,32.3,62.5,78.1,72.2,60.0,50.0,8.9,20.0,20.0,12.4,20.5,15.3,50.0,7.0,6.9,3263.0,0.4,3.9,1730.4,29.5,4,1,0,0,0,0,0
576,130.0,27.0,54.2,25.0,27.0,75.6,85.6,46.9,48.9,81.2,61.6,40.0,50.0,11.7,35.0,33.0,11.3,21.9,22.5,67.2,5.1,4.5,2981.0,4.3,1.9,501.2,23.9,4,0,0,0,0,0,1
577,6.0,1.0,78.0,90.0,81.0,80.0,50.4,81.8,72.6,76.9,87.0,80.0,80.0,1.5,29.0,15.0,30.6,40.7,35.5,1591.6,2.5,2.6,44843.0,6.9,1.9,53864.0,86.5,2,0,0,0,1,0,0
578,168.0,42.0,45.2,10.0,24.0,65.7,93.6,28.0,40.9,62.9,52.2,45.0,30.0,16.4,50.0,30.0,5.2,14.7,4.7,2.9,1.0,-4.9,607.0,7.4,15.0,3.5,41.8,5,0,0,0,0,0,1
579,164.0,41.0,46.3,20.0,22.0,46.0,84.3,30.9,48.9,71.4,49.8,50.0,40.0,15.1,60.0,45.0,6.6,22.9,11.3,29.5,6.9,7.0,2617.0,7.0,1.7,760.5,25.0,5,0,0,0,0,0,1
580,7.0,1.0,77.7,85.0,73.0,74.8,83.1,72.1,64.3,82.9,86.4,85.0,70.0,1.8,40.0,22.5,20.2,23.7,17.8,409.3,1.8,4.6,22971.0,6.4,4.4,22949.2,13.9,2,0,0,0,0,1,0
581,144.0,31.0,52.0,20.0,36.0,69.7,74.3,54.2,62.0,70.6,72.8,30.0,30.0,3.6,45.0,25.0,19.4,29.3,1367.8,17617.3,7.4,8.5,12880.0,4.7,2.0,128500.0,41.1,4,1,0,0,0,0,0
582,33.0,3.0,70.8,50.0,37.0,80.1,74.4,78.2,77.6,79.6,81.0,80.0,70.0,4.5,33.0,25.0,16.5,29.2,47.7,640.1,4.6,4.8,13430.0,10.1,2.9,16053.8,38.0,2,0,0,0,0,1,0
583,141.0,32.0,52.4,30.0,26.0,64.5,81.0,49.6,51.0,79.4,72.0,40.0,30.0,6.5,30.0,50.0,12.1,25.2,0.8,1.2,3.3,2.8,1548.0,6.5,2.9,14.0,20.0,4,0,0,0,0,0,1
584,163.0,40.0,46.4,10.0,22.0,73.3,95.2,42.8,41.0,78.5,61.0,20.0,20.0,12.0,30.0,40.0,13.0,12.7,79.3,55.8,9.1,7.7,704.0,8.0,1.0,2063.2,19.7,5,0,0,0,0,0,1
585,172.0,44.0,42.8,10.0,23.0,66.9,55.8,35.9,38.8,75.6,52.0,40.0,30.0,16.5,45.0,34.0,11.2,38.4,4.3,28.0,6.0,5.1,6559.0,6.5,0.9,5502.3,42.3,5,0,0,0,0,0,1
586,50.0,10.0,67.4,50.0,54.0,79.4,88.7,68.6,53.8,77.6,81.6,70.0,50.0,4.2,25.0,30.0,23.2,19.4,4.8,71.0,3.5,4.3,14864.0,8.3,3.2,2105.9,39.8,3,0,0,0,0,1,0
587,92.0,10.0,60.0,30.0,32.0,78.3,85.4,62.2,46.9,73.5,71.8,70.0,50.0,6.6,36.0,25.0,15.7,22.1,22.7,71.1,7.5,4.9,3131.0,4.0,0.4,462.0,36.4,3,0,0,0,0,0,1
588,103.0,38.0,59.1,35.0,48.0,70.8,33.7,60.3,42.4,78.7,87.4,75.0,60.0,1.3,40.0,20.0,30.4,47.0,4.2,88.5,-0.4,-1.1,20889.0,16.7,-0.2,3451.2,80.9,4,0,1,0,0,0,0
590,42.0,19.0,68.7,70.0,63.0,76.1,47.3,74.5,58.2,85.3,88.0,75.0,50.0,1.0,35.0,12.5,31.8,41.9,0.9,27.4,-2.3,-1.7,30769.0,15.6,-0.3,679.0,107.1,3,0,1,0,0,0,0
591,21.0,11.0,73.2,75.0,51.0,82.5,47.3,66.6,77.7,84.1,88.0,80.0,80.0,1.0,15.0,19.0,34.1,41.9,10.5,314.6,2.0,1.0,29925.0,6.2,0.4,5908.5,41.6,2,0,1,0,0,0,0
592,12.0,5.0,75.3,95.0,92.0,39.5,2.3,95.4,86.0,84.4,88.0,90.0,80.0,1.0,56.0,23.5,48.6,57.1,5.6,249.5,1.0,0.5,44343.0,6.6,0.6,3651.9,42.6,2,0,1,0,0,0,0
593,124.0,24.0,56.0,25.0,34.0,80.6,57.4,50.8,62.9,74.3,54.6,70.0,50.0,17.7,30.0,25.0,20.3,37.7,0.9,2.9,6.0,4.8,3051.0,60.0,2.9,153.0,44.6,4,0,0,0,0,0,1
595,88.0,17.0,61.0,25.0,32.0,84.5,90.2,56.6,56.5,73.1,77.2,75.0,40.0,6.4,25.0,27.0,13.9,18.1,10.6,138.0,7.3,5.2,13012.0,15.0,3.0,2208.3,35.1,3,0,0,0,0,1,0
596,159.0,25.0,48.6,15.0,33.0,79.2,41.8,55.5,51.6,68.1,71.4,30.0,40.0,4.3,35.0,22.0,19.3,44.0,16.0,180.2,3.6,5.0,11244.0,4.6,3.6,773.9,29.8,5,0,0,0,0,1,0
597,125.0,12.0,56.0,20.0,37.0,85.6,65.9,68.3,51.4,65.8,70.6,55.0,40.0,9.7,25.0,25.0,13.9,33.7,86.7,943.1,2.2,2.7,10877.0,13.2,10.1,4783.2,90.5,4,0,0,1,0,0,0
598,63.0,12.0,65.1,35.0,39.0,79.1,85.3,56.0,52.6,83.4,85.8,75.0,60.0,2.1,30.0,30.0,17.1,22.1,6.4,50.9,2.0,1.8,8021.0,6.2,1.1,275.0,56.5,3,0,0,0,0,1,0
599,170.0,43.0,43.7,10.0,19.0,75.4,45.6,45.6,38.4,78.9,53.8,40.0,30.0,15.6,35.0,35.0,2.3,42.6,0.8,25.1,-3.1,-0.2,32266.0,7.9,3.0,1933.0,7.6,5,0,0,0,0,0,1
600,173.0,45.0,42.7,10.0,18.0,80.9,73.4,32.1,65.6,57.8,69.2,0.0,20.0,5.4,30.0,30.0,10.7,29.8,6.5,7.8,1.7,4.2,1195.0,7.2,12.3,46.5,125.3,5,0,0,0,0,0,1
601,9.0,3.0,77.2,90.0,69.0,81.9,54.9,79.0,57.2,82.2,88.0,90.0,80.0,1.0,20.0,20.0,31.8,38.8,1.3,35.6,2.1,3.8,26999.0,7.7,0.5,982.9,9.7,2,0,1,0,0,0,0
602,148.0,37.0,51.5,30.0,33.0,77.2,90.5,55.8,57.7,66.0,65.0,20.0,20.0,10.0,35.0,30.0,12.4,17.8,91.0,144.6,10.3,10.2,1589.0,5.2,7.4,1200.0,21.9,4,0,0,0,0,0,1
603,107.0,23.0,58.8,30.0,22.3,81.2,75.3,62.0,70.6,77.6,68.8,50.0,50.0,10.6,29.0,20.0,25.3,28.7,0.9,7.3,4.1,3.2,8236.0,7.9,0.5,278.9,49.5,4,1,0,0,0,0,0
604,24.0,13.0,72.6,90.0,89.0,66.5,0.8,90.7,53.7,81.9,88.0,85.0,80.0,1.0,31.8,20.0,44.0,57.5,5.5,221.0,-0.1,0.5,40347.0,8.6,1.2,18624.7,59.6,2,0,1,0,0,0,0
605,75.0,32.0,62.3,80.0,69.0,47.7,2.5,78.4,43.5,79.1,83.0,70.0,70.0,1.0,45.0,34.3,45.0,57.0,63.9,2580.8,0.4,1.0,40375.0,9.9,0.6,15191.1,95.1,3,0,1,0,0,0,0
606,105.0,15.0,59.0,40.0,37.0,77.6,74.5,58.4,61.9,78.4,61.8,60.0,40.0,14.1,35.0,30.0,10.6,29.2,1.6,36.3,5.1,5.9,22924.0,19.7,4.5,972.9,27.8,4,0,0,0,0,0,1
607,119.0,21.0,57.1,25.0,29.0,75.5,78.0,53.4,65.8,64.7,65.0,65.0,50.0,12.5,35.0,32.0,14.3,27.1,1.9,3.1,-0.2,2.5,1599.0,7.0,6.3,28.4,100.2,4,0,0,0,0,0,1
608,23.0,12.0,72.6,40.0,52.0,87.6,75.3,86.5,75.7,80.5,88.6,80.0,60.0,0.7,20.0,15.0,24.8,28.7,4.5,34.2,4.7,5.6,7653.0,13.4,3.1,1279.1,35.1,2,0,1,0,0,0,0
609,17.0,8.0,74.4,90.0,79.0,61.5,41.3,90.0,50.6,83.3,88.0,90.0,70.0,1.0,47.5,15.8,36.7,44.3,81.1,3721.6,1.6,2.0,45888.0,5.0,0.8,1830.9,73.1,2,0,1,0,0,0,0
610,72.0,5.0,63.0,50.0,48.0,84.9,77.6,61.5,56.5,66.5,65.0,60.0,60.0,10.0,25.0,25.0,16.1,27.3,26.2,108.3,4.2,8.3,4129.0,2.4,15.5,3357.0,67.6,3,0,0,0,0,0,1
611,138.0,41.0,53.2,40.0,43.0,64.4,0.0,73.8,50.2,77.7,83.0,60.0,40.0,1.0,42.0,26.0,33.5,60.1,11.0,284.3,0.8,-4.8,25859.0,26.3,-1.4,2171.6,177.2,4,0,1,0,0,0,0
612,82.0,15.0,61.8,20.0,32.0,79.1,94.3,62.5,50.9,77.9,86.4,65.0,50.0,1.8,31.0,31.0,13.0,13.8,15.9,119.1,4.0,3.5,7503.0,2.9,3.4,1395.8,23.7,3,0,0,0,0,1,0
613,136.0,30.0,53.3,20.0,25.0,68.5,81.2,51.4,71.8,69.2,61.2,45.0,40.0,11.9,40.0,35.0,17.9,25.1,11.4,15.0,0.4,2.5,1313.0,1.8,9.7,566.0,37.4,4,0,0,0,0,0,1
614,145.0,35.0,51.8,20.0,19.0,89.3,94.1,36.7,61.1,78.5,59.4,30.0,30.0,12.8,20.0,25.0,6.5,14.0,1.7,2.5,2.5,2.8,1436.0,6.9,-1.0,21.5,61.0,4,0,0,0,0,0,1
615,127.0,22.0,55.4,30.0,30.0,68.7,73.1,63.0,70.7,77.4,70.8,40.0,30.0,7.1,33.3,40.0,20.6,29.9,0.8,5.5,3.8,4.7,6895.0,11.1,1.0,255.2,65.8,4,0,0,0,0,1,0
616,150.0,24.0,51.3,10.0,19.0,80.5,76.4,47.1,62.0,76.0,72.0,40.0,30.0,6.5,30.0,30.0,12.2,28.0,10.5,18.3,2.8,2.0,1750.0,6.8,3.9,99.0,26.0,4,0,0,0,0,1,0
617,113.0,19.0,57.7,30.0,29.0,84.2,72.0,58.0,31.0,74.8,78.4,60.0,60.0,5.8,25.0,25.0,18.1,30.6,8.3,39.1,3.1,3.5,4729.0,3.9,6.1,1144.1,46.1,4,0,0,0,0,1,0
618,1.0,1.0,88.6,90.0,74.0,92.6,90.7,97.4,89.0,81.8,90.0,90.0,90.0,0.0,15.0,16.5,15.7,17.6,7.3,397.5,2.3,3.7,54722.0,3.2,4.4,103254.2,6.9,1,1,0,0,0,0,0
619,58.0,26.0,66.0,45.0,54.0,78.7,26.7,70.6,63.8,88.3,88.0,75.0,70.0,1.0,16.0,19.0,38.9,49.4,9.9,246.4,3.6,1.3,24942.0,7.8,-0.3,4039.4,76.9,3,0,1,0,0,0,0
620,20.0,10.0,73.3,90.0,79.0,73.3,42.1,90.1,61.6,79.5,87.8,70.0,60.0,1.1,31.8,20.0,35.5,43.9,0.3,14.2,1.8,1.1,43637.0,5.0,2.0,436.1,82.1,2,0,1,0,0,0,0
621,123.0,25.0,56.2,55.0,38.0,77.1,78.1,47.6,47.8,72.8,71.0,35.0,40.0,7.0,30.9,32.4,16.7,27.0,1259.7,7375.9,7.2,7.2,5855.0,3.6,6.0,34416.8,65.0,4,1,0,0,0,0,0
622,99.0,21.0,59.4,30.0,34.0,83.4,89.0,54.0,49.3,74.3,80.4,40.0,60.0,2.3,30.0,25.0,11.8,19.1,251.5,2676.1,5.0,5.8,10641.0,6.2,6.4,22579.6,25.0,4,1,0,0,0,0,0
623,171.0,14.0,43.5,10.0,27.0,81.2,93.2,59.3,49.0,50.6,54.6,0.0,10.0,15.2,35.0,25.0,5.8,15.0,78.0,1334.3,3.0,1.0,17114.0,12.8,15.5,2105.5,12.2,5,0,0,1,0,0,0
625,8.0,2.0,77.3,90.0,74.0,73.6,50.3,79.6,72.1,85.5,88.0,90.0,70.0,1.0,41.0,12.5,28.3,40.7,4.6,226.8,4.8,1.4,49195.0,11.6,0.3,7697.7,109.5,2,0,1,0,0,0,0
626,35.0,4.0,70.7,75.0,60.0,60.6,48.8,70.6,64.6,84.2,88.2,85.0,70.0,0.9,48.0,26.5,30.5,41.3,8.2,268.5,2.8,3.8,32691.0,6.1,0.5,6431.6,68.8,2,0,0,1,0,0,0
627,86.0,36.0,61.2,50.0,43.0,55.8,22.1,70.3,53.0,84.5,88.0,85.0,60.0,1.0,43.0,27.5,42.6,51.0,60.0,2127.7,-0.4,-0.5,35486.0,12.5,0.2,11450.8,132.1,3,0,1,0,0,0,0
628,48.0,8.0,67.5,40.0,38.0,81.7,78.0,81.3,72.7,77.5,75.4,80.0,50.0,7.3,25.0,25.0,24.0,27.1,2.8,24.1,0.5,0.0,8609.0,13.2,7.1,550.8,140.6,3,0,0,0,0,1,0
629,22.0,6.0,73.1,80.0,76.0,68.5,46.2,82.5,83.9,81.2,82.6,70.0,60.0,1.2,40.8,23.9,30.3,42.3,127.1,4750.8,-0.1,1.5,37390.0,3.7,2.7,2089.8,246.4,2,1,0,0,0,0,0
630,46.0,5.0,68.3,60.0,49.0,91.7,62.0,64.9,68.4,83.1,73.4,70.0,60.0,8.3,14.0,20.0,15.3,35.6,6.7,79.6,3.1,2.7,11927.0,11.1,2.9,1760.4,89.3,3,0,0,1,0,0,0
631,68.0,12.0,63.6,30.0,29.0,93.0,87.7,72.3,82.7,74.0,77.4,40.0,50.0,3.8,10.0,20.0,14.0,20.2,17.4,418.5,4.3,6.0,24020.0,4.1,6.7,9562.0,15.1,3,1,0,0,0,0,0
632,115.0,19.0,57.5,30.0,25.0,79.4,80.8,48.6,62.2,73.5,65.6,60.0,50.0,9.7,30.0,30.0,16.2,25.3,42.9,132.4,5.3,6.0,3084.0,9.2,6.9,989.0,48.6,4,0,0,0,0,0,1
635,27.0,7.0,71.7,70.0,55.0,73.8,69.7,91.1,50.6,82.6,74.6,70.0,80.0,7.7,38.0,24.2,24.3,31.8,50.4,1778.8,3.3,3.8,35277.0,3.5,1.3,9898.5,35.7,2,1,0,0,0,0,0
637,74.0,7.0,62.7,45.0,44.0,97.7,57.7,63.4,62.7,74.2,77.2,55.0,50.0,3.9,0.0,15.0,0.7,37.5,4.0,284.0,1.3,3.3,71020.0,3.0,2.9,485.8,7.1,3,0,0,1,0,0,0
638,96.0,19.0,59.6,20.0,27.0,93.7,56.3,65.3,80.4,68.4,75.0,60.0,50.0,2.5,10.0,10.0,20.8,38.1,5.7,19.2,3.6,3.7,3361.0,8.1,7.5,210.5,53.0,4,1,0,0,0,0,0
639,155.0,35.0,49.8,15.0,25.0,86.1,73.8,55.9,57.6,71.3,58.6,35.0,20.0,13.2,24.0,24.0,15.3,29.6,6.9,34.4,7.4,7.9,4987.0,1.4,4.1,720.8,62.5,5,1,0,0,0,0,0
640,36.0,17.0,70.4,50.0,55.0,84.8,58.4,78.6,59.5,84.8,88.0,85.0,60.0,1.0,23.0,15.0,27.7,37.2,2.0,48.2,2.4,2.7,23707.0,10.0,0.7,473.5,37.8,2,0,1,0,0,0,0
641,98.0,10.0,59.5,20.0,27.0,91.3,75.7,59.1,57.3,79.0,75.8,60.0,50.0,7.1,20.0,15.0,15.5,28.5,4.5,81.1,2.0,3.2,17986.0,6.4,1.9,3070.1,134.4,4,0,0,1,0,0,0
642,152.0,38.0,50.6,30.0,49.0,59.1,0.0,53.3,62.1,76.9,85.8,50.0,40.0,2.1,35.0,25.0,47.3,62.6,1.9,5.3,2.2,4.5,2764.0,26.2,3.9,46.4,45.9,4,0,0,0,0,0,1
643,143.0,34.0,52.2,25.0,37.0,83.8,67.7,55.1,44.5,71.0,72.8,45.0,20.0,6.1,25.0,25.0,19.2,32.8,4.2,3.7,0.5,6.2,882.0,3.8,9.9,302.0,33.2,4,0,0,0,0,0,1
646,13.0,6.0,75.2,65.0,58.0,92.9,63.8,80.0,60.0,84.6,88.0,80.0,80.0,1.0,15.0,15.0,16.0,34.7,2.9,79.6,2.9,3.6,27051.0,11.3,0.2,217.1,37.7,2,0,1,0,0,0,0
647,19.0,9.0,73.9,90.0,82.0,61.1,43.0,73.7,42.6,83.2,88.0,95.0,80.0,1.0,43.6,21.0,39.3,43.6,0.6,51.4,2.9,2.5,92049.0,6.1,0.7,7087.0,24.6,2,0,1,0,0,0,0
649,47.0,22.0,67.5,35.0,45.0,92.1,69.6,76.4,66.7,83.5,86.4,60.0,60.0,1.8,10.0,10.0,24.2,31.8,2.1,27.6,3.8,2.3,13349.0,27.9,-0.1,348.0,38.0,3,0,1,0,0,0,0
650,87.0,9.0,61.1,45.0,28.0,91.1,93.4,52.9,48.5,74.5,77.2,50.0,50.0,6.4,20.0,20.0,9.3,14.9,23.6,33.9,3.0,2.0,1437.0,3.6,6.1,350.7,34.907,3,0,0,0,0,0,1
651,146.0,36.0,51.8,40.0,33.0,79.0,27.1,44.5,63.4,53.6,72.4,55.0,50.0,3.8,30.0,30.0,17.4,49.3,17.6,13.7,5.7,4.7,780.0,7.5,23.8,130.0,62.0,4,0,0,0,0,0,1
652,29.0,8.0,71.5,55.0,52.0,85.0,74.3,91.4,71.5,84.5,81.4,60.0,60.0,4.3,25.0,25.0,15.8,29.3,30.3,746.1,6.0,5.8,24654.0,2.0,3.1,10799.2,57.0,2,1,0,0,0,0,0
653,132.0,28.0,53.9,25.0,21.9,94.0,60.8,81.5,70.4,73.0,47.8,35.0,30.0,21.1,0.0,0.0,24.5,36.1,0.3,4.9,5.0,4.9,14383.0,11.6,2.5,363.3,74.8,4,1,0,0,0,0,0
654,121.0,23.0,56.5,25.0,32.0,70.3,82.8,46.3,50.8,83.0,70.2,65.0,40.0,7.4,40.0,35.0,12.2,23.9,15.8,27.3,6.8,3.4,1729.0,8.1,0.9,198.9,31.5,4,0,0,0,0,0,1
655,55.0,24.0,66.7,70.0,55.0,63.9,46.5,61.6,53.5,83.5,88.0,85.0,60.0,1.0,35.0,35.0,34.0,42.2,0.4,14.1,3.6,2.9,33216.0,5.9,0.8,9278.9,68.1,3,0,1,0,0,0,0
656,128.0,25.0,54.8,25.0,30.0,81.6,75.3,48.7,50.7,77.7,69.0,50.0,40.0,8.0,30.0,25.0,17.7,28.7,3.6,15.5,6.4,5.4,4288.0,31.0,3.5,492.5,59.1,4,0,0,0,0,0,1
657,15.0,1.0,74.7,60.0,54.0,92.0,81.5,77.5,65.0,78.7,88.6,80.0,70.0,0.7,15.0,15.0,18.6,24.9,1.3,23.4,3.2,3.5,18553.0,7.7,3.0,418.4,52.8,2,0,0,0,0,0,1
658,62.0,3.0,65.2,50.0,35.0,74.9,76.4,70.7,58.2,77.4,79.2,70.0,60.0,5.4,35.0,30.0,19.7,28.1,119.7,2140.6,2.1,3.3,17881.0,4.9,4.0,22794.7,50.1,3,0,0,0,1,0,0
660,117.0,40.0,57.4,40.0,35.0,85.4,55.6,64.6,39.3,76.0,73.6,55.0,50.0,5.7,18.0,12.0,31.5,38.5,3.6,17.7,4.6,5.4,4979.0,3.4,5.1,207.4,31.5,4,0,1,0,0,0,0
661,100.0,22.0,59.4,30.0,39.0,84.4,51.5,67.7,77.9,68.0,70.0,45.0,60.0,5.0,10.0,25.0,28.8,40.2,2.9,34.8,7.8,14.0,11882.0,4.8,12.9,507.6,67.3,4,1,0,0,0,0,0
662,65.0,31.0,64.9,40.0,42.0,91.6,39.8,76.6,72.0,82.6,84.8,70.0,50.0,2.6,9.0,9.0,26.0,44.8,0.6,9.4,1.1,1.5,14996.0,19.1,-0.7,497.0,58.4,3,0,1,0,0,0,0
663,85.0,9.0,61.3,40.0,39.0,71.5,65.6,66.4,34.3,84.1,81.8,70.0,60.0,4.1,38.0,30.0,22.4,33.9,33.2,252.4,2.9,3.7,7606.0,10.2,0.4,3582.3,63.9,3,0,0,1,0,0,0
664,139.0,31.0,53.2,30.0,31.0,74.3,63.5,55.9,41.9,79.5,70.8,35.0,50.0,7.1,32.0,32.0,22.9,34.9,26.5,31.1,7.4,7.3,1174.0,22.6,2.3,4901.8,55.4,4,0,0,0,0,0,1
665,81.0,8.0,61.9,30.0,49.0,64.4,63.9,68.2,84.5,75.1,83.4,60.0,40.0,0.8,37.0,34.0,32.1,34.7,2.2,23.6,5.3,5.3,10765.0,18.6,5.3,413.7,25.2,3,0,0,0,0,0,1
666,151.0,34.0,50.9,30.0,29.0,85.1,91.1,64.9,47.3,70.8,55.6,5.0,30.0,14.7,25.0,25.0,15.3,17.2,28.1,66.8,5.5,4.5,2376.0,2.7,9.0,29.6,26.3,4,1,0,0,0,0,0
667,16.0,7.0,74.6,90.0,83.0,52.7,34.4,80.0,64.0,83.4,88.0,90.0,80.0,1.0,52.0,25.0,37.4,46.8,16.9,798.6,0.9,0.3,47355.0,6.9,0.3,30253.3,68.3,2,0,1,0,0,0,0
668,3.0,3.0,81.6,95.0,91.0,71.0,46.0,91.4,85.9,88.1,87.2,80.0,80.0,1.4,33.0,28.0,32.1,42.4,4.5,158.9,3.2,2.2,35152.0,5.6,1.2,3391.3,34.0,1,1,0,0,0,0,0
669,109.0,18.0,58.6,10.0,28.0,78.0,82.8,61.2,55.7,69.0,86.2,65.0,50.0,1.9,30.0,30.0,20.0,24.0,6.2,29.5,4.5,4.7,4736.0,5.3,6.0,840.0,32.2,4,0,0,0,0,1,0
670,129.0,26.0,54.3,30.0,35.0,76.3,76.8,39.6,42.3,83.0,64.6,55.0,40.0,10.2,35.0,30.0,15.8,27.8,17.1,17.9,6.9,6.8,1048.0,5.1,-0.9,769.0,36.4,4,0,0,0,0,0,1
671,116.0,20.0,57.5,30.0,27.0,85.1,94.6,48.7,72.9,71.5,64.8,40.0,40.0,10.1,24.0,30.0,3.1,13.4,173.9,1049.1,6.3,6.2,6031.0,7.5,8.1,4693.8,10.5,4,0,0,0,0,0,1
672,32.0,16.0,70.8,90.0,86.0,53.2,41.8,89.6,48.5,76.2,87.8,75.0,60.0,1.1,47.8,27.0,40.8,44.0,5.2,345.2,2.2,1.5,66937.0,3.4,2.0,8682.5,30.1,2,0,1,0,0,0,0
673,52.0,6.0,67.1,55.0,45.0,98.5,36.8,70.1,72.5,77.9,85.0,70.0,60.0,2.5,0.0,12.0,2.6,45.9,4.1,162.4,2.9,4.5,39681.0,7.2,1.0,1179.9,5.1,3,0,0,1,0,0,0
674,126.0,26.0,55.9,30.0,29.0,79.0,86.2,61.2,42.1,71.5,65.0,55.0,40.0,10.0,30.0,33.0,10.5,21.4,186.3,882.3,4.1,3.6,4736.0,5.2,8.6,1747.0,64.2,4,1,0,0,0,0,0
675,66.0,13.0,64.8,30.0,37.0,84.4,77.9,74.4,42.9,78.6,77.8,75.0,70.0,6.1,25.0,25.0,17.7,27.2,3.9,76.4,6.2,8.7,19455.0,4.3,2.6,4718.9,45.6,3,0,0,0,0,1,0
676,140.0,30.0,53.2,20.0,25.0,67.3,76.2,59.9,71.9,70.6,85.6,25.0,30.0,2.2,42.0,30.0,24.7,28.2,7.5,18.1,5.8,7.6,2399.0,2.5,5.3,-30.4,35.6,4,1,0,0,0,0,0
677,83.0,16.0,61.5,30.0,24.0,96.3,83.3,62.6,30.4,76.8,76.2,75.0,60.0,4.4,10.0,10.0,13.1,23.6,6.9,58.3,4.4,7.0,8449.0,4.5,5.0,236.3,21.4,3,0,0,0,0,1,0
678,49.0,9.0,67.4,40.0,38.0,78.5,86.1,67.8,62.9,83.7,87.0,70.0,60.0,1.5,30.0,30.0,18.6,21.5,31.4,371.3,2.4,5.8,11817.0,4.2,3.2,7606.6,20.7,3,0,0,0,0,1,0
679,70.0,14.0,63.1,30.0,38.0,79.0,89.6,63.0,57.1,77.7,76.4,60.0,60.0,4.3,32.0,30.0,13.3,18.6,99.4,692.2,6.1,6.3,6962.0,7.1,4.2,6200.5,37.2,3,1,0,0,0,0,0
680,39.0,18.0,69.3,65.0,61.0,75.5,46.5,68.7,58.0,85.2,88.0,75.0,70.0,1.0,32.0,19.0,32.7,42.2,38.0,954.5,3.3,3.0,25105.0,9.2,-0.0,13882.8,48.8,3,0,1,0,0,0,0
681,64.0,30.0,65.1,70.0,63.0,60.5,24.8,85.3,43.5,85.7,88.0,70.0,60.0,1.0,48.0,23.0,33.4,50.1,10.4,280.4,0.9,-0.9,26975.0,14.2,-0.2,8807.1,130.2,3,0,1,0,0,0,0
682,34.0,3.0,70.7,65.0,69.0,99.7,70.4,71.4,70.7,74.1,81.8,45.0,60.0,4.1,0.0,0.0,5.2,31.4,2.2,320.5,6.1,9.7,143427.0,0.3,3.0,1040.4,31.5,2,0,0,1,0,0,0
683,61.0,29.0,65.6,35.0,43.0,87.5,65.6,66.1,65.1,81.1,88.0,75.0,50.0,1.0,16.0,16.0,27.2,33.8,19.9,392.8,2.9,1.4,19712.0,7.0,1.1,3234.0,40.4,3,0,1,0,0,0,0
684,153.0,42.0,50.6,20.0,27.0,82.2,56.2,72.2,57.6,62.9,72.4,25.0,30.0,6.3,13.0,20.0,34.8,38.2,143.7,3564.5,0.6,2.8,24805.0,5.1,7.8,20957.7,17.9,4,0,1,0,0,0,0
685,71.0,4.0,63.1,30.0,49.0,80.1,77.1,60.5,82.0,79.4,67.6,65.0,40.0,8.7,30.0,30.0,13.9,27.6,11.1,18.8,7.0,6.8,1698.0,0.6,1.8,267.7,28.0,3,0,0,0,0,0,1
690,78.0,8.0,62.1,40.0,49.0,99.7,56.8,69.9,68.5,69.2,77.8,40.0,50.0,3.6,2.5,2.5,4.3,38.0,30.8,1605.7,3.6,5.3,52183.0,5.6,2.7,8012.0,1.6,3,0,0,1,0,0,0
691,111.0,18.0,58.1,40.0,43.0,71.6,76.1,49.1,42.4,84.9,73.8,60.0,40.0,8.1,40.0,30.0,18.4,28.2,14.5,33.6,4.5,3.4,2311.0,10.0,-0.5,342.7,50.7,4,0,0,0,0,0,1
692,77.0,33.0,62.1,50.0,41.0,84.3,44.1,60.2,66.2,77.5,77.8,70.0,50.0,6.1,15.0,15.0,33.4,43.2,7.2,95.5,-1.8,0.3,13329.0,22.2,2.1,1996.1,72.4,3,0,1,0,0,0,0
694,142.0,33.0,52.3,10.0,31.0,81.2,92.6,49.9,43.2,70.8,69.4,55.0,20.0,10.3,30.0,30.0,8.8,15.7,6.2,12.6,6.0,10.5,2027.0,3.3,8.3,439.9,38.8,4,0,0,0,0,0,1
695,2.0,2.0,87.8,90.0,84.0,91.2,90.1,95.0,90.7,81.8,90.0,85.0,80.0,0.0,20.0,17.0,13.8,18.2,5.5,452.7,2.9,6.4,82762.0,3.0,1.0,67523.0,98.8,1,1,0,0,0,0,0
696,56.0,25.0,66.6,50.0,50.0,80.1,49.5,68.4,55.0,79.5,88.0,75.0,70.0,1.0,25.0,22.0,29.6,41.0,5.4,152.6,2.4,2.6,28175.0,13.3,-0.1,478.7,54.0,3,0,1,0,0,0,0
697,90.0,37.0,60.6,60.0,58.0,58.6,0.0,82.0,55.4,84.3,88.0,70.0,50.0,1.0,50.0,17.0,36.8,59.9,2.1,61.1,2.6,0.2,29658.0,9.5,0.2,1564.3,82.9,3,0,1,0,0,0,0
698,161.0,37.0,47.0,30.0,25.0,61.4,25.2,68.5,66.2,75.5,73.0,15.0,30.0,8.5,40.0,30.0,36.9,49.9,0.6,1.1,1.5,5.8,1895.0,3.9,5.1,23.7,13.4,5,1,0,0,0,0,0
700,80.0,7.0,61.9,50.0,44.0,70.1,69.9,69.7,58.7,74.6,77.0,45.0,60.0,4.0,40.0,28.0,24.7,31.7,54.0,704.5,1.5,2.4,13046.0,25.1,6.1,5712.3,45.9,3,0,0,0,0,0,1
701,43.0,20.0,68.5,70.0,60.0,58.3,41.1,76.0,51.7,84.7,88.0,85.0,70.0,1.0,47.0,30.0,32.6,44.3,46.5,1566.4,1.4,-0.5,33711.0,24.7,-0.2,22904.1,97.7,3,0,1,0,0,0,0
702,93.0,17.0,59.9,40.0,38.0,85.1,90.0,70.3,56.5,71.5,72.4,35.0,40.0,6.3,24.0,28.0,11.6,18.3,21.0,217.4,7.4,7.5,10372.0,4.6,3.3,944.2,75.876,4,1,0,0,0,0,0
704,134.0,23.0,53.8,30.0,36.0,69.4,70.3,48.8,76.3,78.7,68.4,30.0,30.0,10.8,38.0,36.0,17.9,31.5,0.6,9.2,2.9,4.3,16623.0,5.6,3.4,4.2,34.1,4,0,0,0,0,1,0
705,94.0,11.0,59.7,40.0,43.0,70.9,64.9,58.6,65.8,74.5,88.8,50.0,40.0,0.6,33.0,27.5,32.6,34.2,1.1,8.6,1.7,1.5,7797.0,22.3,5.8,12.7,16.2,4,0,0,0,0,0,1
706,26.0,14.0,72.0,90.0,87.0,44.4,14.9,89.7,53.5,87.1,88.0,85.0,80.0,1.0,57.0,22.0,42.8,53.2,9.7,448.2,2.1,2.4,45986.0,8.0,-0.2,10036.2,41.5,2,0,1,0,0,0,0
707,4.0,1.0,81.0,90.0,86.0,70.9,66.3,82.2,72.1,87.8,90.0,85.0,80.0,0.0,40.0,24.0,27.1,33.5,8.1,472.8,2.0,2.0,58087.0,4.5,-0.0,21914.3,46.1,1,0,1,0,0,0,0
709,14.0,5.0,74.7,70.0,61.0,76.1,88.7,93.2,53.8,83.2,86.4,75.0,60.0,1.8,45.0,17.0,8.7,19.4,23.4,1074.5,3.7,4.5,45854.0,4.0,1.2,2839.0,37.6,2,1,0,0,0,0,0
710,149.0,33.0,51.3,20.0,23.0,91.6,76.9,61.1,47.3,69.8,68.6,25.0,30.0,5.7,13.0,15.0,21.0,27.7,8.3,22.3,6.7,7.1,2688.0,10.9,6.1,262.7,28.2,4,1,0,0,0,0,0
711,110.0,17.0,58.5,25.0,31.0,79.2,88.4,47.5,62.6,67.7,73.2,60.0,50.0,8.4,30.0,30.0,16.8,19.7,47.7,127.1,7.2,6.8,2667.0,3.1,6.1,2141.6,33.2,4,0,0,0,0,0,1
712,67.0,11.0,63.9,40.0,38.0,81.1,82.2,76.3,62.5,70.9,77.6,50.0,60.0,6.2,35.0,20.0,16.2,24.3,68.7,985.5,0.7,3.6,14354.0,0.9,1.9,12565.7,47.2,3,1,0,0,0,0,0
713,167.0,40.0,45.8,20.0,28.0,64.7,0.0,68.0,66.0,70.9,80.0,40.0,20.0,2.5,10.0,10.0,318.1,110.5,1.2,6.1,6.6,8.8,4928.0,4.7,2.5,33.9,0.0,5,1,0,0,0,0,0
714,135.0,29.0,53.6,30.0,29.0,68.7,80.4,51.4,46.2,79.5,71.2,50.0,30.0,9.4,45.0,27.0,19.5,25.5,7.0,10.1,5.2,5.1,1450.0,6.9,0.1,292.1,54.7,4,0,0,0,0,0,1
716,73.0,14.0,62.9,50.0,38.0,79.4,62.3,69.5,72.8,68.5,78.6,60.0,50.0,5.7,25.0,25.0,28.4,35.5,1.4,43.4,1.1,0.8,32139.0,4.0,7.0,2423.0,37.6,3,0,0,0,0,1,0
717,114.0,11.0,57.6,40.0,40.0,74.0,73.4,81.3,64.0,75.6,62.2,35.0,30.0,13.9,35.0,30.0,21.7,29.8,11.0,124.3,2.3,1.8,11300.0,13.3,4.9,1060.3,47.5,4,0,0,1,0,0,0
718,79.0,34.0,62.1,40.0,45.0,75.2,55.6,65.4,48.6,71.5,84.4,75.0,60.0,2.8,35.0,20.0,29.3,38.5,76.9,1508.1,2.9,5.4,19610.0,9.2,8.9,12146.0,33.5,3,0,1,0,0,0,0
719,174.0,41.0,41.9,5.0,17.0,95.3,92.2,30.0,20.0,69.4,80.0,0.0,10.0,0.0,10.0,8.0,17.4,16.1,5.8,82.1,10.3,11.1,14165.0,10.5,6.0,3163.5,16.8,5,1,0,0,0,0,0
720,102.0,13.0,59.3,25.0,26.0,73.2,91.5,40.3,83.7,80.1,72.8,60.0,40.0,8.6,40.0,30.0,13.4,16.8,38.0,76.9,4.9,5.2,2023.0,3.8,4.7,1146.6,30.4,4,0,0,0,0,0,1
721,162.0,44.0,46.8,25.0,26.0,78.6,30.6,56.8,47.9,66.9,85.8,20.0,30.0,2.1,20.0,18.0,37.6,48.1,42.8,370.8,-6.8,-0.2,8668.0,7.7,12.1,410.0,71.2,5,0,1,0,0,0,0
722,25.0,2.0,72.6,55.0,70.0,95.0,76.1,79.6,80.7,81.3,82.8,45.0,60.0,3.6,0.0,0.0,22.4,28.2,9.3,599.8,3.6,4.0,64479.0,3.6,2.3,10065.8,12.1,2,0,0,1,0,0,0
723,10.0,4.0,76.4,90.0,78.0,64.9,39.0,86.0,71.8,76.4,88.0,90.0,80.0,1.0,45.0,20.0,32.9,45.1,64.5,2548.9,2.6,1.7,39511.0,6.3,1.5,72241.0,89.5,2,0,1,0,0,0,0
724,11.0,2.0,75.4,80.0,74.0,65.6,54.7,84.7,91.4,77.0,87.0,70.0,70.0,1.5,39.6,35.0,25.4,38.9,319.0,17418.9,2.4,2.2,54597.0,6.2,1.6,92397.0,104.8,2,0,0,0,1,0,0
725,41.0,6.0,68.8,70.0,73.0,77.2,67.6,75.3,62.5,71.3,80.6,80.0,30.0,4.7,30.0,25.0,27.4,32.9,3.4,70.0,3.3,5.4,20556.0,7.0,8.9,2754.5,62.8,3,0,0,0,0,1,0
726,166.0,39.0,46.0,15.0,18.0,90.4,66.6,67.1,61.9,65.6,65.6,0.0,10.0,7.2,22.0,9.0,19.9,33.4,30.6,171.7,8.1,8.2,5609.0,10.6,8.4,751.4,8.5,5,1,0,0,0,0,0
728,176.0,28.0,33.7,5.0,19.0,74.9,56.7,45.3,29.5,33.8,63.2,0.0,10.0,8.4,34.0,34.0,13.9,38.0,30.5,538.9,-4.0,1.1,17695.0,8.6,62.2,320.0,45.6,5,0,0,0,0,1,0
729,131.0,27.0,54.0,15.0,31.0,79.3,75.1,58.3,62.6,70.6,83.0,25.0,40.0,3.5,35.0,22.0,18.9,28.8,90.6,510.7,6.0,5.9,5635.0,2.3,4.1,9200.0,58.7,4,1,0,0,0,0,0
731,106.0,16.0,58.8,30.0,38.0,73.3,81.1,66.4,48.3,72.6,78.2,50.0,50.0,3.4,35.0,35.0,14.7,25.1,15.0,61.0,5.4,7.1,4064.0,13.3,7.9,2483.8,31.1,4,0,0,0,0,0,1
732,175.0,46.0,38.2,10.0,21.0,60.8,73.6,37.6,30.0,79.1,50.2,10.0,10.0,14.9,51.5,25.0,25.3,29.7,13.3,27.1,3.2,8.3,2046.0,5.4,-0.2,544.8,54.0,5,0,0,0,0,0,1
