Property Rights,Fiscal Freedom ,Gov Spending,Tax Burden % of GDP,Population (Millions),GDP Growth Rate (%),Unemployment (%),FDI Inflow (Millions),Public Debt (% of GDP),Asia-Pacific,Europe,Middle East / North Africa,North America,South and Central America / Caribbean,Sub-Saharan Africa,Score Category
30,92.6,75.1,23.3,3.2,2,13.5,-0.484773316,58.9,0,1,0,0,0,0,3
30,80.4,44.1,10.4,36,2.5,10,-0.42537694,9.9,0,0,1,0,0,0,5
15,64.3,52.1,33.5,40.9,8.9,7.2,-0.245131543,44.2,0,0,0,0,1,0,5
30,88,82.1,20,3.3,4.4,5.9,-0.504325202,35.1,0,1,0,0,0,0,3
90,66.4,62.8,20.9,22.7,2,5.1,1.069397156,22.9,1,0,0,0,0,0,1
90,51.1,23.5,42,8.4,3.1,4.5,0.02047782,72.2,0,1,0,0,0,0,2
25,85.5,67.8,12.4,9.1,0.1,1,-0.46804542,10.2,1,0,0,0,0,0,4
70,97,84.9,17.4,0.3,2,13.7,-0.465410468,48.6,0,0,0,0,1,0,2
55,99.9,72.4,3.9,1.1,1.8,4,-0.49443738,36.5,0,0,1,0,0,0,2
20,72.7,92.1,9,166.7,6.1,5,-0.480722511,42.9,1,0,0,0,0,0,4
80,74.5,54.2,26.5,0.3,0.5,11.2,-0.51169381,117.3,0,0,0,0,1,0,3
80,45,14.5,43.8,11,1.9,7.4,2.914469446,98.5,0,1,0,0,0,0,3
30,82.2,72.6,23.1,0.3,2.5,13.1,-0.520945077,80.3,0,0,0,0,1,0,4
60,82.7,38.8,14.4,0.7,5.9,4,-0.524027547,82,1,0,0,0,0,0,4
10,88.8,64.1,18,10.6,5.1,5.8,-0.491428211,32.9,0,0,0,0,1,0,5
20,83.2,26.9,38.5,3.9,1.7,43.3,-0.507778032,40.6,0,1,0,0,0,0,4
70,79.5,65.1,30.7,1.9,4.6,7.5,-0.501914009,17.3,0,0,0,0,0,1,2
50,70.3,54.8,32.5,194.9,2.7,6,2.047122627,66.2,0,0,0,0,1,0,4
30,94,64.2,19.9,7.4,1.7,9.6,-0.452633071,17,0,1,0,0,0,0,3
10,81.9,96.8,3.2,62.4,5.5,5.5,-0.491771564,44.3,1,0,0,0,0,0,5
30,90.9,88.4,10.7,15.1,6.1,3.5,-0.490162816,28.6,1,0,0,0,0,0,4
90,79.8,44.8,31,34.4,2.5,7.4,1.054536488,85,0,0,0,1,0,0,2
70,77.9,65.4,19.1,0.5,5,10.7,-0.520972083,77.6,0,0,0,0,0,1,3
90,77.6,83.7,17.3,17.4,5.9,6.1,0.142815992,9.9,0,0,0,0,1,0,2
20,70.2,83.3,18.2,1348.1,9.2,6.5,4.25866547,25.8,1,0,0,0,0,0,4
50,76.1,75.2,14.4,46.1,5.9,10.9,-0.014000319,34.7,0,0,0,0,1,0,3
50,82.9,90.1,13.5,4.6,4.2,7.7,-0.44338952,30.8,0,0,0,0,1,0,3
40,75.4,48.7,21.4,4.4,0,17.7,-0.466922768,45.6,0,1,0,0,0,0,3
70,79.8,32.7,26.3,0.8,0.5,5.6,-0.513904392,71.8,0,1,0,0,0,0,3
70,82,43.5,34.9,10.5,1.7,6.7,-0.31606307,41.5,0,1,0,0,0,0,2
90,39.8,5.9,48.2,5.6,1.1,8,0.045280321,46.4,0,1,0,0,0,0,2
60,72,50.1,26,0.1,0.5,23,-0.523603177,69.9,0,0,0,0,1,0,3
30,83.7,92.6,12.8,10.1,4.5,14.6,-0.433088901,29.3,0,0,0,0,1,0,4
20,80.1,47.3,15.2,15,7.8,4.9,-0.502658585,18,0,0,0,0,1,0,5
35,85.6,69.4,13.9,79.4,1.8,12.2,-0.543185926,76.4,0,0,1,0,0,0,4
40,85.7,85.4,13.6,5.9,1.4,7,-0.509691555,50.8,0,0,0,0,1,0,3
15,75.4,39.3,2.4,1.4,7.1,22.3,-0.496127144,8.4,0,0,0,0,0,1,5
85,79.7,56.2,34,1.3,7.6,10.1,-0.514645111,6,0,1,0,0,0,0,2
90,66.9,12.2,42.1,5.4,2.9,7.9,-0.522488241,48.6,0,1,0,0,0,0,2
80,53,5.6,42.9,63.1,1.7,10.6,1.055057306,86.3,0,1,0,0,0,0,3
45,88.2,68.9,23.5,4.5,7,16.3,-0.486964609,33.9,0,1,0,0,0,0,2
90,61.8,37.3,36.3,81.8,3.1,5.5,1.034112714,81.5,0,1,0,0,0,0,2
40,66.2,24.7,30.9,11.2,-6.9,24.4,-0.454237962,160.8,0,1,0,0,0,0,4
30,79.6,93.6,10.8,14.7,3.8,4.1,-0.486578818,24.1,0,0,0,0,1,0,3
30,67.9,61.1,22.3,0.8,4.2,11,-0.518186672,61.8,0,0,0,0,1,0,4
10,80.7,66.3,11.5,10,5.6,40.6,-0.51758098,10.6,0,0,0,0,1,0,5
30,85.3,79.2,14.8,8.2,3.6,5.1,-0.485429161,28.1,0,0,0,0,1,0,4
90,92.9,88.9,14.5,7.1,5,3.4,2.683504112,33.9,1,0,0,0,0,0,1
65,79.7,29.7,37.6,10,1.7,10.7,-0.343334633,80.4,0,1,0,0,0,0,3
90,72.7,36.2,36.3,0.3,3.1,6.7,-0.485475456,99.2,0,1,0,0,0,0,2
50,78.3,77.9,7.4,1206.9,7.2,9.8,0.692761011,68.1,1,0,0,0,0,0,4
30,83.4,89.2,11.6,241,6.5,6.6,0.2048126,25,1,0,0,0,0,0,4
10,80.8,80.5,8.4,75.9,2,15.3,-0.364460546,12.7,0,0,1,0,0,0,5
90,73.8,28.8,28,4.6,0.7,15,-0.019100475,105,0,1,0,0,0,0,2
70,60.2,39.3,32.4,7.6,4.7,6.9,-0.085761296,74.3,0,0,1,0,0,0,3
50,55.5,25.3,43,60.6,0.4,10.7,0.596521597,120.1,0,1,0,0,0,0,3
40,77.5,67.7,22.7,2.7,1.5,12.6,-0.515219939,139,0,0,0,0,1,0,3
80,69.2,45,28.8,127.8,-0.7,4.2,-0.592397422,229.8,1,0,0,0,0,0,2
60,93.6,68.8,15.9,6.3,2.5,12.3,-0.467891104,69.8,0,0,1,0,0,0,2
35,93.2,84.5,13.4,16.7,7.5,5.4,-0.026488372,10.9,1,0,0,0,0,0,3
30,77.5,73.5,21.3,40.9,5,40,-0.511632083,48.9,0,0,0,0,0,1,4
70,73,72.8,25.1,49,3.6,3.4,-0.344750486,34.1,1,0,0,0,0,0,2
20,94.8,56.4,17.9,5.5,5.7,8.6,-0.497809193,52.4,1,0,0,0,0,0,4
15,79.7,85.8,13.3,6.6,8.3,2.5,-0.507203203,57.4,1,0,0,0,0,0,4
50,84.4,53.6,26.7,2.2,5.5,15.4,-0.46429939,37.8,0,1,0,0,0,0,3
60,92.8,53.6,16.5,3.3,5.9,15.4,-0.477609178,39,0,1,0,0,0,0,2
90,65,47.1,36.7,0.5,1,5.2,0.151731621,20.8,0,1,0,0,0,0,2
35,91.4,69.1,25.7,2.1,3,31.4,-0.508287276,28.1,0,1,0,0,0,0,3
55,85.1,73.5,13.8,28.7,5.1,3.1,-0.062926329,52.6,1,0,0,0,0,0,3
25,98.8,14.5,11,0.3,7.4,14.5,-0.513699923,69.1,1,0,0,0,0,0,5
75,61.2,44.1,37.8,0.4,2.1,6.4,-0.503788953,70.9,0,1,0,0,0,0,3
25,80.3,74.7,16,3.3,3.6,35,-0.522820021,92.4,0,0,0,0,0,1,4
70,92.1,81.9,18.5,1.3,4.1,7.8,-0.514016271,50.6,0,0,0,0,0,1,2
50,81.1,79.4,9.6,113.7,4,5.3,0.229827286,43.8,0,0,0,1,0,0,3
40,87.2,50.1,31,3.6,6.4,6.7,-0.513993124,23.4,0,1,0,0,0,0,4
30,82.5,62.6,31.9,2.8,17.3,9.9,-0.342678789,41.3,1,0,0,0,0,0,3
40,92.4,41.5,24.4,0.6,2.5,11.5,-0.503032803,45.8,0,1,0,0,0,0,3
40,71.4,64.3,22.8,32.2,4.3,8.9,-0.427379195,54.4,0,0,1,0,0,0,4
30,66.4,71.5,28.9,2.1,3.6,51.2,-0.489854183,21.9,0,0,0,0,0,1,3
30,85.8,89.2,13.2,28.5,3.5,46,-0.520879493,34.1,1,0,0,0,0,0,4
90,52.1,24.7,38.2,16.7,1.3,5.3,0.136272977,66.2,0,1,0,0,0,0,2
95,71.5,33.2,31.3,4.4,1.4,6.6,-0.394583105,37,1,0,0,0,0,0,1
15,78.7,65.1,18.3,5.9,4.7,8,-0.487223089,72,0,0,0,0,1,0,4
30,82.6,74.6,16.3,160.3,7.2,21,-0.180631152,17.9,0,0,0,0,0,1,4
90,51,40.3,42.8,5,1.7,3,-0.386882717,49.6,0,1,0,0,0,0,2
30,80.5,89,10.1,175.3,2.4,5.6,-0.473369335,60.1,1,0,0,0,0,0,4
30,86.2,77.8,11.4,3.6,10.6,4.5,-0.416935833,37.8,0,0,0,0,1,0,3
20,67.4,72.3,24.4,6.7,8.9,1.9,-0.536492453,25.2,1,0,0,0,0,0,4
30,95.9,85.4,14.5,6.5,3.8,6.6,-0.51287433,13.7,0,0,0,0,1,0,3
40,79.9,89.1,14.5,30,6.9,7.9,-0.206957527,21.6,0,0,0,0,1,0,3
30,79.3,90.2,12.1,95.9,3.7,7,-0.475876977,40.5,1,0,0,0,0,0,4
60,76,43,31.8,37.9,4.4,10.1,0.059477428,55.4,0,1,0,0,0,0,3
70,61.6,28.3,31.3,10.7,-1.5,15.9,-0.125501623,106.8,0,1,0,0,0,0,3
70,99.8,81.2,4.9,1.8,18.8,0.4,-0.527912462,31.5,0,0,1,0,0,0,2
40,87.9,62.2,26.5,21.4,2.5,5.1,-0.421542177,33,0,1,0,0,0,0,3
25,86.9,54.4,27.2,142.4,4.3,6.6,1.515421663,9.6,0,1,0,0,0,0,4
40,99.6,52.2,5.4,28.2,6.8,10.9,0.108133385,7.5,0,0,1,0,0,0,3
40,65.2,75.6,18.8,13.4,2.6,48,-0.513526317,40.6,0,0,0,0,0,1,4
40,84.2,40.3,35.4,7.4,1.8,23.4,-0.420041451,47.9,0,1,0,0,0,0,4
50,77.6,56.9,30.4,0.1,4.9,2,-0.519012264,83,0,0,0,0,0,1,4
90,91.1,91.3,14.1,5.3,4.9,2,1.944621826,100.8,1,0,0,0,0,0,1
50,84.7,58,28.4,5.4,3.3,14.4,-0.441892651,44.6,0,1,0,0,0,0,3
60,65.7,22.3,37.7,2,-0.2,8.4,-0.486015563,47.3,0,1,0,0,0,0,3
50,70.5,69.2,23.8,50.6,3.1,24.9,-0.300519552,38.8,0,0,0,0,0,1,3
70,53.9,43,31.7,46.2,0.7,25.1,0.612605223,68.5,0,1,0,0,0,0,3
40,84.7,86.5,12.9,20.5,8.2,4.2,-0.512990067,78.5,1,0,0,0,0,0,3
40,71.6,72.5,10,0.5,4.5,9,-0.547140284,20.6,0,0,0,0,1,0,4
40,74.4,51.3,23.8,1.2,0.3,40,-0.520906498,17.5,0,0,0,0,0,1,4
90,39.6,21,45.8,9.4,4,7.8,-0.058119374,37.4,0,1,0,0,0,0,2
90,68.1,63.8,29.8,7.8,1.9,4.2,-0.532144589,48.6,0,1,0,0,0,0,1
70,80.5,84.9,7.9,23.2,4,4.4,-0.600255984,40.8,1,0,0,0,0,0,2
20,92.8,78.1,18,7.8,7.4,2.2,-0.524135568,35.3,1,0,0,0,0,0,4
45,78.9,83.7,14.5,64.1,0.1,0.7,-0.155284686,41.7,1,0,0,0,0,0,3
20,64.7,0,342,1.1,10.6,18.4,-0.523792214,0,1,0,0,0,0,0,5
50,84.9,60.4,16,1.3,-1.3,6.4,-0.502419395,32.4,0,0,0,0,1,0,3
40,74.5,63.7,20.5,10.7,-0.8,18,-0.480471747,42.4,0,0,1,0,0,0,4
50,77,64.9,26,74,8.5,11.7,0.087917938,39.4,0,1,0,0,0,0,3
30,78.2,29.4,38.1,45.6,5.2,8.4,-0.246524249,36.5,0,1,0,0,0,0,5
55,99.9,85.1,7.1,5.4,4.9,12.9,-0.228314915,16.9,0,0,1,0,0,0,2
90,57,27.7,35,62.6,0.7,8,1.556751449,82.5,0,1,0,0,0,0,2
85,69.3,47.8,24.8,311.9,1.7,7.9,8.230460603,102.9,0,0,0,1,0,0,2
70,84.2,68.3,18.1,3.4,5.7,6,-0.44002928,54.2,0,0,0,0,1,0,3
15,90.2,67.8,20.4,28.8,8.3,1,-0.470437324,9.1,1,0,0,0,0,0,5
5,75.6,50.6,11.3,29.8,4.2,8.2,-0.320017427,45.5,0,0,0,0,1,0,5
15,75.6,72.4,24.3,89.3,5.9,2.3,-0.23792111,38,1,0,0,0,0,0,4
30,72.9,80.3,16,13.6,6.6,14,-0.448111601,26.1,0,0,0,0,0,1,4
10,71.8,66.4,12.9,12.6,9.3,95,-0.509633686,70.3,0,0,0,0,0,1,5
30,92.7,75.6,23,3.2,1.3,15,-0.487643601,60.6,0,1,0,0,0,0,3
30,80.5,51,10,36.5,2.5,9.7,-0.467312417,9.9,0,0,1,0,0,0,4
15,63.5,49.9,34.6,41,1.9,7.2,-0.0403537,44.9,0,0,0,0,1,0,5
30,86.5,81.3,16.7,3.4,7.2,19,-0.50569476,39.5,0,1,0,0,0,0,3
90,64.2,62.6,25.6,22.8,3.6,5.2,1.672859097,27.2,1,0,0,0,0,0,1
90,51,23.5,42.1,8.5,0.8,4.4,-0.280932945,73.7,0,1,0,0,0,0,2
20,88.1,64.8,12.8,9.2,2.2,6,-0.44722814,11.6,1,0,0,0,0,0,3
70,97.3,84.1,16.4,0.4,2.5,11,-0.482362123,51.9,0,0,0,0,1,0,3
60,99.9,71.4,3.1,1.2,3.9,3.4,-0.490182106,33.7,0,0,1,0,0,0,2
20,72.5,92.3,9.9,150,6.1,5,-0.486370491,31.7,1,0,0,0,0,0,4
80,74,49.8,27.4,0.3,0,11,-0.510814206,72.6,0,0,0,0,1,0,3
20,89.2,61.2,24.7,9.4,1.5,0.6,-0.468940455,36.9,0,1,0,0,0,0,4
80,44.8,14.8,44,11.1,-0.2,7.3,-0.586822742,99.6,0,1,0,0,0,0,3
30,82.1,74.2,23.3,0.3,5.3,16.1,-0.516928993,78.1,0,0,0,0,1,0,4
60,82.9,57.2,13.5,0.7,9.7,3.2,-0.523950389,72.1,1,0,0,0,0,0,4
10,87.1,62.5,22.2,10.8,5.2,5.4,-0.483669954,33.1,0,0,0,0,1,0,5
20,82.9,27.4,38.9,3.9,-0.7,28,-0.500147086,44.3,0,1,0,0,0,0,4
70,81,69.8,28.1,1.9,3.8,17.8,-0.513279411,14.9,0,0,0,0,0,1,2
50,68.8,54.1,34.8,198.4,0.9,5.5,1.993567126,68.5,0,0,0,0,1,0,4
40,90.2,66.1,24,0.4,1.3,2.7,-0.491771564,2.4,1,0,0,0,0,0,3
30,91.2,64.5,26.1,7.3,0.8,12.4,-0.451286661,18.5,0,1,0,0,0,0,3
30,83,82.3,13.7,17.4,8,77,-0.523016775,27.7,0,0,0,0,0,1,4
10,86.9,89.2,3.7,63.7,6.3,4,-0.438030883,47.5,1,0,0,0,0,0,5
30,90.8,88.4,10.9,15.3,6.5,0,-0.464492285,28.5,1,0,0,0,0,0,4
30,71.7,86,11,21.5,4.7,30,-0.505004195,14.9,0,0,0,0,0,1,4
90,79.7,47.3,31,34.8,1.8,7.3,1.225954987,85.6,0,0,0,1,0,0,1
70,77.4,68.6,20.2,0.5,4.3,10,-0.521828538,103.4,0,0,0,0,0,1,3
10,65.1,92.6,9.4,4.9,4.1,8,-0.521816965,30.6,0,0,0,0,0,1,5
90,76.5,83.8,18.7,17.4,5.5,6.5,0.645270144,11.2,0,0,0,0,1,0,2
20,69.9,82.9,19,1354,7.8,4.1,4.146593195,22.8,1,0,0,0,0,0,4
50,80.6,74.9,15.1,46.6,4,10.4,0.085869388,32.8,0,0,0,0,1,0,2
30,64.5,85.3,12.4,0.7,2.5,20,-0.523907952,42.6,0,0,0,0,0,1,4
10,67.5,79.6,8.4,4.1,3.8,53,-0.418166506,21.1,0,0,0,0,0,1,5
50,80,90,21.9,4.7,5,7.5,-0.437166711,34.8,0,0,0,0,1,0,3
40,69.4,45.8,32.6,4.4,-2,15,-0.476316778,56.3,0,1,0,0,0,0,3
70,79.7,36.2,26.5,0.9,-2.4,12.1,-0.491825575,86.2,0,1,0,0,0,0,3
70,81.7,43.8,35.3,10.6,-1.2,7,-0.115914718,43.1,0,1,0,0,0,0,2
90,39.3,0.5,48.1,5.6,-0.6,7.6,-0.413340261,50.1,0,1,0,0,0,0,2
30,80.6,62.8,20.3,0.9,4.8,59,-0.520705887,38.6,0,0,0,0,0,1,4
60,72.9,61.7,24.2,0.1,0.4,23,-0.523803788,72.2,0,0,0,0,1,0,3
30,83.7,92.3,12.9,10.2,3.9,13,-0.38530869,33.5,0,0,0,0,1,0,3
20,79.8,41.8,17.6,15.2,5,5.3,-0.501937156,18.6,0,0,0,0,1,0,5
20,85.6,69.6,13.8,82.5,2.2,12.3,-0.416631058,80.2,0,0,1,0,0,0,4
40,79.6,85.8,15.4,6.2,1.6,5.7,-0.504664698,52.2,0,0,0,0,1,0,3
10,75.5,62.6,1.5,0.7,2,22.3,-0.44296515,8.2,0,0,0,0,0,1,5
90,80.4,56,32.8,1.3,3.2,9.8,-0.467837093,8.5,0,1,0,0,0,0,2
25,82.3,76.2,23,0.9,2.1,7,-0.514228456,51.6,1,0,0,0,0,0,4
90,65.1,8.9,43.4,5.4,-0.2,7.7,-0.594222213,53.3,0,1,0,0,0,0,2
80,48.4,5.6,44.2,63.4,0,10.2,0.443513043,90.3,0,1,0,0,0,0,3
40,74.5,81.7,10.1,1.5,6.2,21,-0.497465839,22,0,0,0,0,0,1,4
40,87.3,69.7,25.4,4.5,6.5,14.6,-0.491150441,32.7,0,1,0,0,0,0,2
90,61.2,38.2,37.1,81.9,0.9,5.5,-0.271311318,82,0,1,0,0,0,0,2
50,85.4,83.3,14.6,24.9,7,11,-0.397464963,56.5,0,0,0,0,0,1,3
40,65.9,19.2,31.2,11.3,-6.4,24.2,-0.410952215,158.5,0,1,0,0,0,0,4
25,79.6,93.6,10.9,15.1,3,4.1,-0.478014259,25.1,0,0,0,0,1,0,3
30,68.4,71.8,21.2,0.8,3.3,11,-0.515655883,60.3,0,0,0,0,1,0,4
10,80.3,66.3,13.1,10.4,2.8,40.6,-0.517665854,15.4,0,0,0,0,1,0,5
30,84.9,79.8,16.1,8.2,3.3,4.4,-0.483727823,34.7,0,0,0,0,1,0,4
90,93,89.7,14.2,7.2,1.4,3.3,2.352827245,32.4,1,0,0,0,0,0,1
60,81.1,26.8,35.7,10,-1.7,11,-0.004941947,79,0,1,0,0,0,0,3
90,72.9,32.9,36,0.3,1.6,5.8,-0.504861452,99.1,0,1,0,0,0,0,2
50,79.4,77.8,7,1223.2,4,8.5,0.460854347,66.8,1,0,0,0,0,0,4
30,83.4,89.8,11.8,244.5,6.2,6.2,0.241331573,24,1,0,0,0,0,0,4
10,80.6,85.9,9.3,76.1,-1.9,12.5,-0.336687455,10.7,0,0,1,0,0,0,5
90,74,30.6,27.6,4.6,0.9,14.7,0.606498152,117.1,0,1,0,0,0,0,2
75,60.1,40.3,32.6,7.7,3.1,6.9,-0.122797229,74.6,0,0,1,0,0,0,3
50,55.5,25.6,42.9,60.8,-2.4,10.6,-0.153243851,127,0,1,0,0,0,0,3
40,77.2,69.4,23.4,2.8,0.1,13,-0.510590448,146.6,0,0,0,0,1,0,3
80,69.2,47.1,27.6,127.6,2,4.4,-0.457791096,237.9,1,0,0,0,0,0,2
60,94,66.9,14.4,6.4,2.8,12.2,-0.470437324,79.6,0,0,1,0,0,0,3
30,92.9,85,14.6,16.7,5,5.4,0.016396151,12.3,1,0,0,0,0,0,3
30,78,74.6,20.1,42.1,4.7,40,-0.514587242,48.2,0,0,0,0,0,1,4
70,72.6,72.6,25.9,50,2,3.3,-0.142476426,33.7,1,0,0,0,0,0,2
50,97.7,55.6,0.8,3.8,5.1,2.1,-0.453150031,7.3,0,0,1,0,0,0,3
20,94.6,60.2,18.5,5.6,-0.9,7.7,-0.510204657,48.9,1,0,0,0,0,0,3
15,86.6,86.7,13.7,6.4,8.3,2.5,-0.51320611,53.1,1,0,0,0,0,0,4
50,84.6,54.9,27.2,2,5.6,14.9,-0.486463081,36.4,0,1,0,0,0,0,3
40,67.4,0,37.6,1.9,4,25,-0.517916618,41.9,0,0,0,0,0,1,5
30,83.6,70.5,19.8,4,8.3,85,-0.472323842,29.1,0,0,0,0,0,1,4
60,92.9,55.9,16,3,3.6,13.2,-0.492346393,39.6,0,1,0,0,0,0,2
90,62.8,47.6,37.1,0.5,0.1,6,0.550932679,21.1,0,1,0,0,0,0,2
35,91.4,70.7,25.6,2.1,-0.3,31.3,-0.51937105,33.3,0,1,0,0,0,0,3
55,84.6,75.6,15.3,29.5,5.6,3,-0.135921837,55.5,1,0,0,0,0,0,3
20,97.4,43.8,16.2,0.3,3.5,28,-0.513607333,77.5,1,0,0,0,0,0,4
20,69.8,81.7,14,16.3,-1.2,30,-0.512584987,32,0,0,0,0,0,1,4
75,63.7,47.2,34.4,0.4,0.8,6.3,-0.518499162,72.5,0,1,0,0,0,0,3
25,81.7,75.8,17.5,3.6,6.4,30,-0.478099133,79.7,0,0,0,0,0,1,4
65,92.2,81.8,18.3,1.3,3.3,8,-0.510640601,50.3,0,0,0,0,0,1,2
50,80.9,78.9,10.6,114.9,3.9,4.8,-0.036175583,43.5,0,0,0,1,0,0,3
40,85.8,54.4,30.8,3.6,-0.8,5.5,-0.518422004,23.8,0,1,0,0,0,0,4
40,92.5,42.6,24.2,0.6,0,19.1,-0.501049837,51.1,0,1,0,0,0,0,3
40,71.3,64.1,23,32.5,3,8.8,-0.415168911,59.6,0,0,1,0,0,0,4
30,75.7,64.6,19.6,22.5,7.5,17,-0.323254213,46.6,0,0,0,0,0,1,4
30,66.9,58.8,28,2.2,4,51.2,-0.510771769,26.6,0,0,0,0,0,1,4
30,85.9,89.6,12.6,31,4.6,46,-0.52101452,33.1,1,0,0,0,0,0,4
90,51.7,25.6,38.7,16.8,-0.9,5.3,-0.533980954,71.7,0,1,0,0,0,0,2
95,71.2,32.3,31.7,4.4,2.5,6.9,-0.412256189,38.2,1,0,0,0,0,0,1
15,78.6,80,18.4,6,5.2,7.8,-0.493314728,52.1,0,0,0,0,1,0,4
30,85,74.5,4.7,164.8,6.3,23.9,-0.253395186,17.8,0,0,0,0,0,1,4
90,50.6,42.2,43.2,5,3,3.2,-0.031731272,34.1,0,1,0,0,0,0,2
50,98.5,56,2.2,3.1,5,15,-0.466155044,6.1,0,0,1,0,0,0,3
30,80.6,88.3,9.3,178.9,3.7,7.7,-0.491898875,62.1,1,0,0,0,0,0,4
30,84.3,78.7,17.8,3.7,10.7,4.2,-0.408062641,38.8,0,0,0,0,1,0,3
20,66.7,75.4,25.8,6.8,9.1,1.9,-0.523452718,14.1,1,0,0,0,0,0,4
30,96.2,89,13.4,6.7,-1.2,5.8,-0.512222343,11.4,0,0,0,0,1,0,3
40,79.1,89.1,17,30.5,6.3,6.8,-0.05236723,19.8,0,0,0,0,1,0,3
30,79.2,92.3,12.3,95.8,6.6,7,-0.416658064,41.9,1,0,0,0,0,0,3
60,76.1,43.2,31.7,38.9,2,10.3,-0.395103923,55.2,0,1,0,0,0,0,3
70,60.1,26.8,31.3,10.5,-3.2,15.7,-0.180611862,123,0,1,0,0,0,0,3
70,99.9,72.1,2.9,1.8,6.6,0.5,-0.51195229,37.8,0,0,1,0,0,0,2
40,87,59.2,28,21.3,0.3,7,-0.438065604,37,0,1,0,0,0,0,3
25,85.6,61.5,29.5,141.9,3.4,6,1.459019024,10.9,0,1,0,0,0,0,4
70,75.7,63.6,25.1,0.2,-0.4,20,-0.520212074,78.4,0,0,0,0,1,0,2
70,73.7,72.4,22.1,0.1,0.5,15,-0.51972212,70.2,0,0,0,0,1,0,3
20,86.9,27.9,16.8,0.2,4,14.2,-0.522654131,75.5,0,0,0,0,0,1,5
40,99.7,63.1,3.7,29,6.8,10.6,-0.054593244,3.6,0,0,1,0,0,0,3
40,65.1,75.4,19,13.1,3.5,48,-0.511535636,45,0,0,0,0,0,1,4
40,83.1,38.6,35.2,7.6,-1.8,23.1,-0.499471952,63.7,0,1,0,0,0,0,4
50,76.8,61.8,31.7,0.1,2.8,3.7,-0.520165779,82.5,0,0,0,0,0,1,4
90,91.2,91.2,13.8,5.4,1.3,2,1.660976736,111,1,0,0,0,0,0,1
50,80.2,56,28.8,5.4,2,14,-0.415543128,52.3,0,1,0,0,0,0,3
60,58.9,22.6,36.8,2.1,-2.3,9,-0.518977543,52.6,0,1,0,0,0,0,3
50,68.7,69.1,27.3,51.2,2.5,25.2,-0.348160878,42.3,0,0,0,0,0,1,3
70,54,38.7,31.6,46.2,-1.4,25,0.546002271,84.1,0,1,0,0,0,0,3
40,84.9,86.3,12.4,20.7,6.4,4.9,-0.494645707,77.7,1,0,0,0,0,0,3
40,69,78.3,19,0.5,4.5,9,-0.521859402,20.5,0,0,0,0,1,0,4
40,74.7,70.9,23.3,1.1,-1.5,40,-0.521107109,19,0,0,0,0,0,1,3
90,42.9,21.4,44.5,9.5,1.2,7.9,0.004409626,38,0,1,0,0,0,0,2
90,68.9,65.7,28.5,8,1,2.9,-0.385177521,49.1,0,1,0,0,0,0,1
70,80.3,84.7,8.8,23.3,1.3,4.2,-0.400917792,40.9,1,0,0,0,0,0,2
20,92.3,78.1,19.5,8,7.5,2.5,-0.513379716,32.5,1,0,0,0,0,0,4
45,79.7,83.6,16.2,64.4,6.4,0.5,-0.192494224,44.3,1,0,0,0,0,0,3
50,84.8,62.5,16.5,1.3,0.4,5.5,-0.427070562,39.7,0,0,0,0,1,0,3
40,74.3,63.8,21.1,10.8,3.6,18.9,-0.450561374,44.5,0,0,1,0,0,0,4
50,77.5,63.5,25,74.9,2.6,9.2,-0.045449998,36.4,0,1,0,0,0,0,3
5,95.2,93,17.8,5.6,11,60,-0.402692431,15.8,1,0,0,0,0,0,5
30,79.1,37.5,38,45.5,0.2,8,-0.222373734,37.4,0,1,0,0,0,0,5
55,99.6,83.1,6.1,5.5,3.9,2.4,-0.154127313,17.6,0,0,1,0,0,0,2
90,56.6,29.5,35.5,63.2,0.2,8,1.880873727,90.3,0,1,0,0,0,0,2
80,65.8,48.1,25.1,314.2,2.2,8.1,5.942064342,106.5,0,0,0,1,0,0,2
70,77.4,68,27.2,3.4,3.8,6.1,-0.420010587,53.7,0,0,0,0,1,0,3
15,90.3,70.4,20.2,29.4,8,0.2,-0.482358265,8.6,1,0,0,0,0,0,5
40,97.3,81.7,16.4,0.3,2.7,1.7,-0.523109364,20,1,0,0,0,0,0,4
5,75.3,51.8,12.5,29.5,5.5,7.8,-0.400493422,57.3,0,0,0,0,1,0,5
15,77,71.4,21.1,90.4,5,4.5,-0.201733918,52.1,1,0,0,0,0,0,4
30,91.7,74.9,5.3,25.9,0.1,35,-0.511107408,46.7,0,0,1,0,0,0,4
30,71.8,82.9,19.3,13.9,7.3,14,-0.48343848,26.9,0,0,0,0,0,1,3
10,63.3,64,30,13,4.4,95,-0.509151447,60.5,0,0,0,0,0,1,5
30,87.2,76.1,22.9,2.8,0.7,16.1,-0.477285114,70.5,0,1,0,0,0,0,3
30,80,38.7,12.2,37.9,2.7,9.8,-0.459326544,9.2,0,0,1,0,0,0,5
15,84.5,50.1,5.6,20.8,4.1,8.4,-0.689867509,26.6,0,0,0,0,0,1,5
15,66.8,41.2,29.5,41.5,4.3,7.3,-0.174188443,46.9,0,0,0,0,1,0,5
20,84.4,82.8,22,3.3,3.2,16,-0.510289531,41.9,0,1,0,0,0,0,3
90,63.7,61.8,26.5,23.2,2.4,5.6,1.397685976,28.8,1,0,0,0,0,0,1
90,50.1,19.8,43.2,8.5,0.4,4.8,-0.097003245,74.2,0,1,0,0,0,0,2
20,88.1,59.7,12.7,9.3,5.8,5.5,-0.423023615,13.8,1,0,0,0,0,0,3
70,97.8,83.2,15,0.4,1.9,13.6,-0.481710136,56.3,0,0,0,0,1,0,3
60,99.9,73.1,3.4,1.2,4.9,7.4,-0.486416786,43.9,0,0,1,0,0,0,2
20,72.7,92,9,156.3,5.8,4.3,-0.462871963,39.7,1,0,0,0,0,0,4
80,73.8,42.1,27.8,0.3,-0.7,12.2,-0.510042625,92,0,0,0,0,1,0,3
20,86.4,54.7,29.8,9.5,0.9,5.9,-0.438428248,36.7,0,1,0,0,0,0,5
80,43.6,10.2,45.3,11.2,0.2,8.6,-0.617381244,99.8,0,1,0,0,0,0,3
30,82.4,78.3,22.5,0.3,1.6,8.2,-0.521118683,75.5,0,0,0,0,1,0,4
30,68.3,86.7,15.5,10.3,5.6,1,-0.512214628,29.8,0,0,0,0,0,1,4
60,82.6,60.1,14.8,0.7,5,2.1,-0.523742062,110.7,1,0,0,0,0,0,4
10,86.8,60.9,22.9,11,6.8,3.2,-0.457065809,33.1,0,0,0,0,1,0,5
20,82.9,27.3,38.8,3.9,1.2,28.6,-0.51176711,42.7,0,1,0,0,0,0,4
70,79.5,61.9,30.7,2.1,3.9,18.4,-0.51730321,15.9,0,0,0,0,0,1,3
50,68.4,50.9,35.3,198.3,2.3,6.6,1.946246006,66.3,0,0,0,0,1,0,4
35,87,63.6,30,0.4,-1.2,3.7,-0.490035505,2.5,1,0,0,0,0,0,3
30,91,64.5,26.5,7.2,0.9,13.1,-0.468608675,17.6,0,1,0,0,0,0,3
25,82.4,79.8,15.8,16.8,6.8,3.1,-0.510123641,33.3,0,0,0,0,0,1,4
10,86.9,77.9,3.8,64.9,7.5,3.5,-0.423447985,42.7,1,0,0,0,0,0,5
20,73.5,61.3,14.1,9,4.5,8.5,-0.524301459,31.7,0,0,0,0,0,1,4
75,78.3,67.9,18,0.5,0.5,8.6,-0.523842367,95,0,0,0,0,0,1,3
25,90.5,87.5,12.2,15.4,7,0.3,-0.470707378,28.1,1,0,0,0,0,0,4
25,71.7,87.8,11,22,4.6,4,-0.502496553,18.6,0,0,0,0,0,1,4
90,79.9,48.3,30.7,35.1,2,7.1,1.879866813,89.1,0,0,0,1,0,0,2
15,65,92,9.8,4.6,-36,8.8,-0.524532933,50.8,0,0,0,0,0,1,5
20,46.2,83.6,5.1,11,3.6,8.6,-0.503792811,30.2,0,0,0,0,0,1,5
90,76.5,83.3,18.8,17.6,4.2,5.9,0.256979254,12.2,0,0,0,0,1,0,2
20,69.7,81.5,19.4,1360.8,7.7,4.6,4.255810617,22.4,1,0,0,0,0,0,4
50,80.3,76,16.1,47.2,4.3,10.5,0.122473235,31.8,0,0,0,0,1,0,2
30,64.5,78.8,12.3,0.7,3.5,7.9,-0.524027547,19,0,0,0,0,0,1,4
10,72.9,85.7,14.5,77,8.5,7.9,-0.443617136,21.6,0,0,0,0,0,1,5
10,67.4,60.7,8.7,4.2,4.5,7.8,-0.445928024,30.8,0,0,0,0,0,1,5
50,80,89.9,21.9,4.8,3.5,7.7,-0.422252033,37,0,0,0,0,1,0,3
35,77.7,82.4,17.6,24.1,8.1,3.9,-0.510250952,43.2,0,0,0,0,0,1,4
40,74.9,46.5,22.6,4.3,-1,17.2,-0.502184063,59.8,0,1,0,0,0,0,3
70,79.5,36.7,25.9,0.9,-6,15.7,-0.503989564,112,0,1,0,0,0,0,3
75,81.5,40.6,35.5,10.5,-0.9,7,-0.332038674,47.9,0,1,0,0,0,0,2
95,39.6,1.8,48,5.6,0.4,7.1,-0.444195823,45.2,0,1,0,0,0,0,2
30,84.1,87.1,13.5,10.4,4.1,15,-0.447772105,33.8,0,0,0,0,1,0,3
15,79.1,51,19.4,15.8,4.2,4.5,-0.497450407,24.3,0,0,0,0,1,0,5
20,85.8,68,12.9,84.2,2.1,12.7,-0.310334074,89.2,0,0,1,0,0,0,4
35,79.4,85.5,16,6.3,1.6,6.3,-0.519158865,54.9,0,0,0,0,1,0,3
10,75.4,31.4,2.4,0.8,-4.9,9.1,-0.450723406,8.8,0,0,0,0,0,1,5
10,57,71.8,50,6.3,1.3,8.9,-0.522870174,126,0,0,0,0,0,1,5
90,80.6,53.2,32.5,1.3,0.8,8.5,-0.487921371,11.3,0,1,0,0,0,0,2
30,77.4,91.4,11.6,88.8,9.7,5.7,-0.487797918,22.2,0,0,0,0,0,1,4
25,81.3,74.6,25,0.9,3,8,-0.514066424,52.9,1,0,0,0,0,0,4
90,66.4,3.6,44.1,5.5,-1.4,8.1,-0.565642818,57,0,1,0,0,0,0,2
80,47.5,2.5,45.3,63.7,0.3,10.5,-0.336471412,93.9,0,1,0,0,0,0,3
40,77.5,74.6,11.2,1.6,5.9,19.2,-0.49154009,22.9,0,0,0,0,0,1,4
25,75.4,73.4,14.4,1.9,6.3,8.6,-0.523587745,82.1,0,0,0,0,0,1,4
40,87.2,73.8,25.5,4.5,3.2,14.3,-0.485610483,31.8,0,1,0,0,0,0,2
90,60.8,40.1,37.6,80.8,0.5,5.3,0.506300523,78.1,0,1,0,0,0,0,2
50,84.6,70.8,17.1,25.6,5.5,4.5,-0.400096058,60.1,0,0,0,0,0,1,3
40,64.2,0,33.8,11.1,-3.9,27.6,-0.425550545,173.8,0,1,0,0,0,0,4
20,79.6,94.1,10.9,15.5,3.5,2.8,-0.474067617,24.4,0,0,0,0,1,0,3
15,68.1,79.5,19,11.1,2.5,3.1,-0.523607035,37.8,0,0,0,0,0,1,4
20,89.1,88,8.3,1.6,0.3,8.5,-0.524004399,61,0,0,0,0,0,1,4
25,68.7,70.8,20.5,0.8,4.8,11.2,-0.51529324,63.9,0,0,0,0,1,0,4
10,80.3,76.2,12.9,10.3,4.3,7.1,-0.517233768,21.3,0,0,0,0,1,0,4
30,84.9,78.7,16.1,8.1,2.6,4.2,-0.483681528,40.2,0,0,0,0,1,0,4
90,93.2,89.7,13.7,7.2,2.9,3.3,2.431860382,0.5,1,0,0,0,0,0,1
55,78.7,25.9,38.9,9.9,1.1,10.5,-0.405311952,79.2,0,1,0,0,0,0,3
90,72,32.6,37.2,0.3,2.9,5.6,-0.511172992,90.2,0,1,0,0,0,0,2
55,79.4,78.3,7.3,1243.3,4.4,3.7,0.563343575,66.7,1,0,0,0,0,0,4
30,83.3,88.3,11.9,248,5.8,6,0.186989058,26.1,1,0,0,0,0,0,4
10,81.2,93,5.9,77.1,-1.7,13.2,-0.40690141,10.6,0,0,1,0,0,0,5
85,73.6,45.6,28.3,4.8,-0.3,13.6,0.845754134,122.8,0,1,0,0,0,0,2
75,61.9,47.8,28.3,7.9,3.3,6.7,-0.069183858,66.7,0,0,1,0,0,0,2
55,54.2,23.2,44.4,59.7,-1.9,12.2,0.112292211,132.5,0,1,0,0,0,0,3
40,81.5,73.2,24.4,2.8,0.5,15,-0.502685591,138.9,0,0,0,0,1,0,3
80,68.7,47.1,28.6,127.3,1.5,4.1,-0.435689132,243.2,1,0,0,0,0,0,2
60,93.7,70.7,15.3,6.5,3.3,12.6,-0.455179292,87.7,0,0,1,0,0,0,3
25,93.2,85,13.5,17.2,6,5.2,-0.148861266,13.5,1,0,0,0,0,0,3
30,78,72.1,20.1,44.4,5.6,9.2,-0.504718709,50.5,0,0,0,0,0,1,4
75,72.5,67.9,26.8,50.2,2.8,3.2,-0.053100233,36.7,1,0,0,0,0,0,2
45,97.7,61.1,0.7,3.9,0.8,3.1,-0.434713081,5.3,0,0,1,0,0,0,3
20,93.6,53.2,21,5.6,10.5,7.9,-0.495336273,47.7,1,0,0,0,0,0,3
15,86.2,86.8,15,6.8,8.2,1.4,-0.513144384,62,1,0,0,0,0,0,4
50,84.4,59.2,27.6,2,4.1,10.9,-0.493380313,32.1,0,1,0,0,0,0,3
20,91.3,70.6,15.7,4.5,1,6.6,-0.41528079,139.7,0,0,1,0,0,0,4
35,68.5,0,36.1,1.9,5.8,27,-0.522862458,39.6,0,0,0,0,0,1,5
25,83,69.9,21.1,4.1,8,3.8,-0.483619801,29.5,0,0,0,0,0,1,4
60,92.9,61.3,16,3,3.3,12.1,-0.504074438,39.3,0,1,0,0,0,0,2
90,62.3,42.2,37.8,0.5,2,5.7,0.635717959,22.9,0,1,0,0,0,0,2
35,91.4,65.6,25.6,2.1,3.1,29.7,-0.511682236,35.8,0,1,0,0,0,0,3
40,78.5,49,18.8,17.1,5,7.6,-0.519996031,68.9,0,0,0,0,0,1,4
55,84.4,74,16.1,29.6,4.7,3.2,-0.04982101,58.2,1,0,0,0,0,0,2
25,95.5,50.6,21.2,0.3,3.7,11.7,-0.512014016,80.7,1,0,0,0,0,0,4
25,69.6,89.2,14.5,16.9,1.7,8.5,-0.508734793,31.5,0,0,0,0,0,1,4
75,63.1,44.4,35.2,0.4,2.4,6.5,-0.605572183,71.7,0,1,0,0,0,0,3
25,80.2,59.8,21.3,3.7,6.7,30.9,-0.480039661,87.7,0,0,0,0,0,1,4
65,91.9,87.4,18.9,1.3,3.1,8.1,-0.514587242,53.8,0,0,0,0,0,1,2
50,77.8,78,10,118.4,1.1,5,0.952463915,46.5,0,0,0,1,0,0,3
40,85.1,51.8,32,3.6,8.9,5.9,-0.515640451,24.4,0,1,0,0,0,0,4
40,92.6,36.7,24,0.6,3.4,19.7,-0.507303509,56.8,0,1,0,0,0,0,3
40,70.9,61,23.7,32.9,4.5,9.2,-0.394999759,61.9,0,0,1,0,0,0,3
30,75.2,66.5,20.8,25.9,7.1,8.5,-0.295593001,43.3,0,0,0,0,0,1,4
30,66.7,56,28.4,2.2,4.3,17.7,-0.49759315,26.6,0,0,0,0,0,1,4
30,85.6,88.9,13.9,27.9,3.6,2.7,-0.521724375,31,1,0,0,0,0,0,4
90,51.8,23.8,38.6,16.8,-0.8,6.7,0.416337928,74.9,0,1,0,0,0,0,2
95,70.4,43,32.9,4.5,2.4,6.4,-0.486505518,35.9,1,0,0,0,0,0,1
10,78.4,76.6,18.9,6.1,4.2,7.2,-0.491821717,42.4,0,0,0,0,1,0,4
30,76.6,83.6,14.5,16.6,3.6,5,-0.500204955,33.8,0,0,0,0,0,1,4
30,85.2,76.1,3,169.3,6.3,7.5,-0.308173645,19.4,0,0,0,0,0,1,4
90,52.1,43.8,42.2,5.1,0.8,3.5,-0.164632401,29.5,0,1,0,0,0,0,2
55,98.5,44.2,2.5,3.2,5.1,8,-0.461853475,7,0,0,1,0,0,0,3
30,77.7,86.1,10.4,182.6,3.6,5.2,-0.474140917,63.1,1,0,0,0,0,0,4
30,84.5,78.8,17.4,3.7,8,4,-0.345120845,41.3,0,0,0,0,1,0,3
20,66.9,68.7,25.4,7,4.6,2.4,-0.523861657,32.6,1,0,0,0,0,0,4
30,96,81.9,14.3,6.8,13,5.2,-0.50981115,15.2,0,0,0,0,1,0,3
40,78.6,88.5,18.5,30.9,5,3.8,-0.132125654,19.6,0,0,0,0,1,0,3
30,79.1,89.3,12.9,97.5,7.2,7.3,-0.3756562,38.3,1,0,0,0,0,0,3
60,82.1,47.1,20.1,38.5,1.6,10.4,-0.757492807,57.5,0,1,0,0,0,0,3
70,61.1,28.8,32.5,10.6,-1.4,16.9,-0.40442849,128.8,0,1,0,0,0,0,3
70,99.7,71.9,5.1,2,6.1,0.6,-0.556985669,34.2,0,0,1,0,0,0,2
40,86.9,62.3,28.2,21.3,3.5,7.4,-0.385030921,39.3,0,1,0,0,0,0,3
20,86.1,57.8,28.7,142.9,1.3,5.8,2.533292542,13.4,0,1,0,0,0,0,4
30,80.2,79.2,13.6,10.6,5,0.6,-0.520289233,29.4,0,0,0,0,0,1,3
40,99.7,61.9,3.7,30,3.8,5.5,-0.165855358,2.7,0,0,1,0,0,0,3
40,71.3,74.6,19.2,14.1,4,9.9,-0.513055652,45.9,0,0,0,0,0,1,4
45,82.4,27.1,36.2,7.2,2.5,22.6,-0.471424949,65.8,0,1,0,0,0,0,3
10,80.8,87.5,11.1,6.1,16.3,3.2,-0.502222642,32.6,0,0,0,0,0,1,4
90,91.2,93.8,14,5.4,4.1,3.1,1.935713913,103.8,1,0,0,0,0,0,1
50,80.8,55.1,28.5,5.4,0.9,14,-0.50176355,54.9,0,1,0,0,0,0,3
60,58.1,0,37.4,2.1,-1.1,10.6,-0.550743571,73,0,1,0,0,0,0,3
30,61.1,25.7,37.3,0.6,2.9,3.9,-0.520501418,14.6,1,0,0,0,0,0,5
50,69.5,68.2,25.8,53,1.9,25.3,-0.208682013,45.2,0,0,0,0,0,1,3
70,53.1,39.8,32.9,46.6,-1.2,26.7,0.986448241,93.9,0,1,0,0,0,0,3
35,69.3,73.8,18.3,0.5,4.7,12.4,-0.520212074,29.2,0,0,0,0,1,0,4
40,76.4,68.6,22.7,1.1,2.8,22.9,-0.521978997,18.8,0,0,0,0,0,1,4
90,43,19.2,44.3,9.6,1.5,8,-0.21016345,41.4,0,1,0,0,0,0,2
90,70.3,65.1,28.2,8,2,4.4,-0.727185069,49.4,0,1,0,0,0,0,1
70,80.4,87.1,8.7,23.4,2.1,4.1,-0.382284089,41,1,0,0,0,0,0,2
20,92.1,81.9,19.9,8.1,7.4,10.8,-0.52040497,29.2,1,0,0,0,0,0,4
30,79.9,79.3,14.4,46.3,7,3.5,-0.452328296,41,0,0,0,0,0,1,4
40,81.5,81.4,15,68.2,2.9,0.8,-0.025134246,45.3,1,0,0,0,0,0,3
30,69.7,78.1,16.5,6.8,5.6,8.5,-0.521315436,43.3,0,0,0,0,0,1,4
50,79,69.3,29.2,1.3,1.6,6.6,-0.458493236,30.6,0,0,0,0,1,0,3
40,74.3,70.8,21,10.9,2.7,17.5,-0.482296538,44.4,0,0,1,0,0,0,4
45,76.1,57.6,27.7,76.5,4.3,9.9,-0.028205142,35.8,0,1,0,0,0,0,3
5,94,93.5,21,5.7,10.2,10.7,-0.406473182,20.6,1,0,0,0,0,0,5
25,73.3,89,13.1,36.8,6,3.8,-0.48035601,33.9,0,0,0,0,0,1,4
20,78.7,28,38.9,45.4,0.1,7.9,-0.379082024,41,0,1,0,0,0,0,5
55,99.5,85.8,7.2,9,4.8,3.8,-0.119946233,12.3,0,0,1,0,0,0,2
90,62.9,30.3,35.2,64.1,1.8,7.5,0.906755401,90.1,0,1,0,0,0,0,2
80,66.2,51.8,24.3,316.4,1.9,7.5,6.710096993,104.5,0,0,0,1,0,0,2
70,77.1,65.1,27.6,3.4,4.2,6.3,-0.416692785,59.4,0,0,0,0,1,0,3
15,90.2,67.3,20.3,30.2,8,10.8,-0.48301411,8.6,1,0,0,0,0,0,5
5,75,52,13.6,30,1,7.6,-0.252966958,49.8,0,0,0,0,1,0,5
15,79.1,77.1,19.6,89.7,5.4,1.9,-0.181209838,55,1,0,0,0,0,0,4
30,91.5,59.9,7,26.7,4.4,17.2,-0.529717964,49.9,0,0,1,0,0,0,4
30,71.9,78,19.1,14.5,6,13.2,-0.454700911,35.1,0,0,0,0,0,1,4
10,66.6,74.2,26.3,13.1,3,5.5,-0.509132158,54.7,0,0,0,0,0,1,5
35,87.8,75,21.7,2.8,2.1,16.1,-0.482377554,72.6,0,1,0,0,0,0,3
25,81,59.4,12.2,38.7,4.1,9.5,-0.467158101,8.8,0,0,1,0,0,0,4
15,87.8,50.1,6,24.4,4.2,6.8,-0.67428927,38,0,0,0,0,0,1,5
15,66.1,51.3,30.6,42,0.5,8.2,-0.269478811,48.6,0,0,0,0,1,0,5
20,83.8,80.7,23.4,3.3,3.4,17.1,-0.509795718,44.2,0,1,0,0,0,0,3
90,63.2,62,27.5,23.6,2.7,6,1.475924384,34.3,1,0,0,0,0,0,1
90,50.7,22.4,42.5,8.5,0.3,5,-0.344210379,86.8,0,1,0,0,0,0,2
20,88,56.7,13.3,9.4,2.8,5.2,-0.353642968,16.4,1,0,0,0,0,0,3
70,97.9,84.3,14.4,0.4,1.3,15.4,-0.462995416,60.4,0,0,0,0,1,0,2
60,99.9,75.4,3.1,1.2,4.7,4.1,-0.48762817,43.8,0,0,1,0,0,0,2
20,72.7,93.6,9,158.2,6.1,4.3,-0.46566509,33.9,1,0,0,0,0,0,4
80,75.8,37.6,23.9,0.3,-0.3,12,-0.513950687,100.4,0,0,0,0,1,0,3
20,88.6,44.8,25.4,9.5,1.6,5.9,-0.455190865,37.9,0,1,0,0,0,0,5
80,44.2,11,44.6,11.2,1,8.5,-0.715788804,105.6,0,1,0,0,0,0,3
35,82.1,71.9,23.2,0.4,3.4,11.5,-0.519120286,76.3,0,0,0,0,1,0,4
30,68.1,84.9,16.3,10.6,5.5,1,-0.510004045,30.9,0,0,0,0,0,1,4
60,83.1,67.5,13,0.8,6.4,2.8,-0.524340038,107.5,1,0,0,0,0,0,4
10,86.4,55.5,23.8,11.2,5.4,2.7,-0.499572258,32.4,0,0,0,0,1,0,5
20,83.9,33.1,37.6,3.9,0.8,27.9,-0.502805186,44.9,0,1,0,0,0,0,4
70,79.1,68.4,31.3,2.1,4.9,18.2,-0.509394496,14.5,0,0,0,0,0,1,2
45,69.7,55.2,33.4,202.8,0.1,6.8,1.886429117,65.2,0,0,0,0,1,0,4
30,87,57.3,30,0.4,-0.7,3.8,-0.502654728,2.6,1,0,0,0,0,0,3
30,91.1,60.4,26.3,7.2,1.7,11.6,-0.458581968,26.9,0,1,0,0,0,0,3
30,82.8,76.8,14.5,17.4,4,3.1,-0.511373603,28.3,0,0,0,0,0,1,4
10,86.6,75.3,6.1,51.4,7.7,3.3,-0.488060255,16.8,1,0,0,0,0,0,5
20,73.8,70.5,13.1,9.2,4.7,6.9,-0.523329265,30.5,0,0,0,0,0,1,4
75,78.1,66.9,18.5,0.5,1,9.2,-0.521550769,112.2,0,0,0,0,0,1,3
25,90.5,87.4,12.4,15.3,7,0.4,-0.457806528,29.5,1,0,0,0,0,0,4
25,75.6,85.6,11.3,22.5,5.1,4.3,-0.505227953,23.9,0,0,0,0,0,1,4
90,80,50.4,30.6,35.5,2.5,6.9,1.553460652,86.5,0,0,0,1,0,0,2
10,65.7,93.6,5.2,4.7,1,7.4,-0.52442877,41.8,0,0,0,0,0,1,5
20,46,84.3,6.6,11.3,6.9,7,-0.495224394,25,0,0,0,0,0,1,5
85,74.8,83.1,20.2,17.8,1.8,6.4,0.360795603,13.9,0,0,0,0,1,0,2
20,69.7,74.3,19.4,1367.8,7.4,4.7,4.432850091,41.1,1,0,0,0,0,0,4
50,80.1,74.4,16.5,47.7,4.6,10.1,0.094777301,38,0,0,0,0,1,0,2
30,64.5,81,12.1,0.8,3.3,6.5,-0.524023689,20,0,0,0,0,0,1,4
10,73.3,95.2,13,79.3,9.1,8,-0.444967405,19.7,0,0,0,0,0,1,5
10,66.9,55.8,11.2,4.3,6,6.5,-0.312290034,42.3,0,0,0,0,0,1,5
50,79.4,88.7,23.2,4.8,3.5,8.3,-0.443320077,39.8,0,0,0,0,1,0,3
30,78.3,85.4,15.7,22.7,7.5,4,-0.506740254,36.4,0,0,0,0,0,1,3
35,70.8,33.7,30.4,4.2,-0.4,16.7,-0.391419619,80.9,0,1,0,0,0,0,4
70,76.1,47.3,31.8,0.9,-2.3,15.6,-0.49836859,107.1,0,1,0,0,0,0,3
75,82.5,47.3,34.1,10.5,2,6.2,-0.296619205,41.6,0,1,0,0,0,0,2
95,39.5,2.3,48.6,5.6,1,6.6,-0.383676794,42.6,0,1,0,0,0,0,2
25,80.6,57.4,20.3,0.9,6,60,-0.518661195,44.6,0,0,0,0,0,1,4
25,84.5,90.2,13.9,10.6,7.3,15,-0.439369578,35.1,0,0,0,0,1,0,3
15,79.2,41.8,19.3,16,3.6,4.6,-0.494707434,29.8,0,0,0,0,1,0,5
20,85.6,65.9,13.9,86.7,2.2,13.2,-0.340032263,90.5,0,0,1,0,0,0,4
35,79.1,85.3,17.1,6.4,2,6.2,-0.513954545,56.5,0,0,0,0,1,0,3
10,75.4,45.6,2.3,0.8,-3.1,7.9,-0.449990403,7.6,0,0,0,0,0,1,5
10,80.9,73.4,10.7,6.5,1.7,7.2,-0.522769868,125.3,0,0,0,0,0,1,5
90,81.9,54.9,31.8,1.3,2.1,7.7,-0.486644403,9.7,0,1,0,0,0,0,2
30,77.2,90.5,12.4,91,10.3,5.2,-0.478268881,21.9,0,0,0,0,0,1,4
30,81.2,75.3,25.3,0.9,4.1,7.9,-0.513804086,49.5,1,0,0,0,0,0,4
90,66.5,0.8,44,5.5,-0.1,8.6,0.1939603,59.6,0,1,0,0,0,0,2
80,47.7,2.5,45,63.9,0.4,9.9,0.061495115,95.1,0,1,0,0,0,0,3
40,77.6,74.5,10.6,1.6,5.1,19.7,-0.487030194,27.8,0,0,0,0,0,1,4
25,75.5,78,14.3,1.9,-0.2,7,-0.52346815,100.2,0,0,0,0,0,1,4
40,87.6,75.3,24.8,4.5,4.7,13.4,-0.475217274,35.1,0,1,0,0,0,0,2
90,61.5,41.3,36.7,81.1,1.6,5,-0.453929329,73.1,0,1,0,0,0,0,2
50,84.9,77.6,16.1,26.2,4.2,2.4,-0.39505377,67.6,0,0,0,0,0,1,3
40,64.4,0,33.5,11,0.8,26.3,-0.440785431,177.2,0,1,0,0,0,0,4
20,79.1,94.3,13,15.9,4,2.9,-0.470715094,23.7,0,0,0,0,1,0,3
20,68.5,81.2,17.9,11.4,0.4,1.8,-0.502728028,37.4,0,0,0,0,0,1,4
20,89.3,94.1,6.5,1.7,2.5,6.9,-0.523734346,61,0,0,0,0,0,1,4
30,68.7,73.1,20.6,0.8,3.8,11.1,-0.514718411,65.8,0,0,0,0,1,0,4
10,80.5,76.4,12.2,10.5,2.8,6.8,-0.520744466,26,0,0,0,0,1,0,4
30,84.2,72,18.1,8.3,3.1,3.9,-0.480425452,46.1,0,0,0,0,1,0,4
90,92.6,90.7,15.7,7.3,2.3,3.2,3.458889939,6.9,1,0,0,0,0,0,1
45,78.7,26.7,38.9,9.9,3.6,7.8,-0.368727394,76.9,0,1,0,0,0,0,3
90,73.3,42.1,35.5,0.3,1.8,5,-0.507739452,82.1,0,1,0,0,0,0,2
55,77.1,78.1,16.7,1259.7,7.2,3.6,0.803205248,65,1,0,0,0,0,0,4
30,83.4,89,11.8,251.5,5,6.2,0.346536769,25,1,0,0,0,0,0,4
10,81.2,93.2,5.8,78,3,12.8,-0.443335509,12.2,0,0,1,0,0,0,5
90,73.6,50.3,28.3,4.6,4.8,11.6,-0.227593486,109.5,0,1,0,0,0,0,2
75,60.6,48.8,30.5,8.2,2.8,6.1,-0.27643848,68.8,0,0,1,0,0,0,2
50,55.8,22.1,42.6,60,-0.4,12.5,-0.082802279,132.1,0,1,0,0,0,0,3
40,81.7,78,24,2.8,0.5,13.2,-0.50331443,140.6,0,0,0,0,1,0,3
80,68.5,46.2,30.3,127.1,-0.1,3.7,-0.443941201,246.4,1,0,0,0,0,0,2
60,91.7,62,15.3,6.7,3.1,11.1,-0.456649155,89.3,0,0,1,0,0,0,3
30,93,87.7,14,17.4,4.3,4.1,-0.155670477,15.1,1,0,0,0,0,0,3
30,79.4,80.8,16.2,42.9,5.3,9.2,-0.48640907,48.6,0,0,0,0,0,1,4
70,73.8,69.7,24.3,50.4,3.3,3.5,-0.142688611,35.7,1,0,0,0,0,0,2
45,97.7,57.7,0.7,4,1.3,3,-0.505822071,7.1,0,0,1,0,0,0,3
20,93.7,56.3,20.8,5.7,3.6,8.1,-0.516442897,53,1,0,0,0,0,0,4
15,86.1,73.8,15.3,6.9,7.4,1.4,-0.496755984,62.5,1,0,0,0,0,0,5
50,84.8,58.4,27.7,2,2.4,10,-0.506296594,37.8,0,1,0,0,0,0,2
20,91.3,75.7,15.5,4.5,2,6.4,-0.406122113,134.4,0,0,1,0,0,0,4
30,59.1,0,47.3,1.9,2.2,26.2,-0.522773726,45.9,0,0,0,0,0,1,4
25,83.8,67.7,19.2,4.2,0.5,3.8,-0.512912909,33.2,0,0,0,0,0,1,4
65,92.9,63.8,16,2.9,2.9,11.3,-0.516188275,37.7,0,1,0,0,0,0,2
90,61.1,43,39.3,0.6,2.9,6.1,-0.25115374,24.6,0,1,0,0,0,0,2
35,92.1,69.6,24.2,2.1,3.8,27.9,-0.511138271,38,0,1,0,0,0,0,3
45,91.1,93.4,9.3,23.6,3,3.6,-0.511034107,34.907,0,0,0,0,0,1,3
40,79,27.1,17.4,17.6,5.7,7.5,-0.519548514,62,0,0,0,0,0,1,4
55,85,74.3,15.8,30.3,6,2,-0.107940419,57,1,0,0,0,0,0,2
25,94,60.8,24.5,0.3,5,11.6,-0.510548011,74.8,1,0,0,0,0,0,4
25,70.3,82.8,12.2,15.8,6.8,8.1,-0.516890414,31.5,0,0,0,0,0,1,4
70,63.9,46.5,34,0.4,3.6,5.9,-0.166592219,68.1,0,1,0,0,0,0,3
25,81.6,75.3,17.7,3.6,6.4,31,-0.505563591,59.1,0,0,0,0,0,1,4
60,92,81.5,18.6,1.3,3.2,7.7,-0.508422302,52.8,0,0,0,0,0,1,2
50,74.9,76.4,19.7,119.7,2.1,4.9,0.354835132,50.1,0,0,0,1,0,0,3
40,85.4,55.6,31.5,3.6,4.6,3.4,-0.516562492,31.5,0,1,0,0,0,0,4
30,84.4,51.5,28.8,2.9,7.8,4.8,-0.504981047,67.3,1,0,0,0,0,0,4
40,91.6,39.8,26,0.6,1.1,19.1,-0.505389985,58.4,0,1,0,0,0,0,3
40,71.5,65.6,22.4,33.2,2.9,10.2,-0.386361899,63.9,0,0,1,0,0,0,3
30,74.3,63.5,22.9,26.5,7.4,22.6,-0.335456782,55.4,0,0,0,0,0,1,4
30,64.4,63.9,32.1,2.2,5.3,18.6,-0.508603624,25.2,0,0,0,0,0,1,3
30,85.1,91.1,15.3,28.1,5.5,2.7,-0.523421855,26.3,1,0,0,0,0,0,4
90,52.7,34.4,37.4,16.9,0.9,6.9,0.642581181,68.3,0,1,0,0,0,0,2
95,71,46,32.1,4.5,3.2,5.6,-0.393730507,34,1,0,0,0,0,0,1
10,78,82.8,20,6.2,4.5,5.3,-0.492157355,32.2,0,0,0,0,1,0,4
30,76.3,76.8,15.8,17.1,6.9,5.1,-0.494896471,36.4,0,0,0,0,0,1,4
30,85.1,94.6,3.1,173.9,6.3,7.5,-0.343481234,10.5,0,0,0,0,0,1,4
90,53.2,41.8,40.8,5.2,2.2,3.4,-0.189600792,30.1,0,1,0,0,0,0,2
55,98.5,36.8,2.6,4.1,2.9,7.2,-0.479044321,5.1,0,0,1,0,0,0,3
30,79,86.2,10.5,186.3,4.1,5.2,-0.457166115,64.2,1,0,0,0,0,0,4
30,84.4,77.9,17.7,3.9,6.2,4.3,-0.342512898,45.6,0,0,0,0,1,0,3
20,67.3,76.2,24.7,7.5,5.8,2.5,-0.525736601,35.6,1,0,0,0,0,0,4
30,96.3,83.3,13.1,6.9,4.4,4.5,-0.515447556,21.4,0,0,0,0,1,0,3
40,78.5,86.1,18.6,31.4,2.4,4.2,-0.231108042,20.7,0,0,0,0,1,0,3
30,79,89.6,13.3,99.4,6.1,7.1,-0.285354109,37.2,1,0,0,0,0,0,3
65,75.5,46.5,32.7,38,3.3,9.2,0.011022083,48.8,0,1,0,0,0,0,3
70,60.5,24.8,33.4,10.4,0.9,14.2,-0.184793837,130.2,0,1,0,0,0,0,3
65,99.7,70.4,5.2,2.2,6.1,0.3,-0.484426105,31.5,0,0,1,0,0,0,2
35,87.5,65.6,27.2,19.9,2.9,7,-0.399798999,40.4,0,1,0,0,0,0,3
20,82.2,56.2,34.8,143.7,0.6,5.1,0.283965332,17.9,0,1,0,0,0,0,4
30,80.1,77.1,13.9,11.1,7,0.6,-0.514236172,28,0,0,0,0,0,1,3
40,99.7,56.8,4.3,30.8,3.6,5.6,-0.215468076,1.6,0,0,1,0,0,0,3
40,71.6,76.1,18.4,14.5,4.5,10,-0.51134274,50.7,0,0,0,0,0,1,4
50,84.3,44.1,33.4,7.2,-1.8,22.2,-0.447556062,72.4,0,1,0,0,0,0,3
10,81.2,92.6,8.8,6.2,6,3.3,-0.507592852,38.8,0,0,0,0,0,1,4
90,91.2,90.1,13.8,5.5,2.9,3,2.08041253,98.8,1,0,0,0,0,0,1
50,80.1,49.5,29.6,5.4,2.4,13.3,-0.506095983,54,0,1,0,0,0,0,3
60,58.6,0,36.8,2.1,2.6,9.5,-0.464214516,82.9,0,1,0,0,0,0,3
30,61.4,25.2,36.9,0.6,1.5,3.9,-0.523649472,13.4,1,0,0,0,0,0,5
50,70.1,69.9,24.7,54,1.5,25.1,-0.304188424,45.9,0,0,0,0,0,1,3
70,58.3,41.1,32.6,46.5,1.4,24.7,0.359055685,97.7,0,1,0,0,0,0,3
40,85.1,90,11.6,21,7.4,4.6,-0.488137414,75.876,1,0,0,0,0,0,4
30,69.4,70.3,17.9,0.6,2.9,5.6,-0.524401764,34.1,0,0,0,0,1,0,4
40,70.9,64.9,32.6,1.1,1.7,22.3,-0.524073842,16.2,0,0,0,0,0,1,4
90,44.4,14.9,42.8,9.7,2.1,8,-0.137376269,41.5,0,1,0,0,0,0,2
90,70.9,66.3,27.1,8.1,2,4.5,0.320870096,46.1,0,1,0,0,0,0,1
70,76.1,88.7,8.7,23.4,3.7,4,-0.415037742,37.6,1,0,0,0,0,0,2
20,91.6,76.9,21,8.3,6.7,10.9,-0.514429068,28.2,1,0,0,0,0,0,4
25,79.2,88.4,16.8,47.7,7.2,3.1,-0.441942804,33.2,0,0,0,0,0,1,4
40,81.1,82.2,16.2,68.7,0.7,0.9,-0.039790445,47.2,1,0,0,0,0,0,3
20,64.7,0,318.1,1.2,6.6,4.7,-0.523255965,0,1,0,0,0,0,0,5
30,68.7,80.4,19.5,7,5.2,6.9,-0.513294842,54.7,0,0,0,0,0,1,4
50,79.4,62.3,28.4,1.4,1.1,4,-0.431086646,37.6,0,0,0,0,1,0,3
40,74,73.4,21.7,11,2.3,13.3,-0.48365838,47.5,0,0,1,0,0,0,4
40,75.2,55.6,29.3,76.9,2.9,9.2,-0.055982092,33.5,0,1,0,0,0,0,3
5,95.3,92.2,17.4,5.8,10.3,10.5,-0.402518825,16.8,1,0,0,0,0,0,5
25,73.2,91.5,13.4,38,4.9,3.8,-0.480329004,30.4,0,0,0,0,0,1,4
25,78.6,30.6,37.6,42.8,-6.8,7.7,-0.508746367,71.2,0,1,0,0,0,0,5
55,95,76.1,22.4,9.3,3.6,3.6,-0.136234328,12.1,0,0,1,0,0,0,2
90,64.9,39,32.9,64.5,2.6,6.3,2.262428706,89.5,0,1,0,0,0,0,2
80,65.6,54.7,25.4,319,2.4,6.2,3.040028973,104.8,0,0,0,1,0,0,2
70,77.2,67.6,27.4,3.4,3.3,7,-0.418297675,62.8,0,0,0,0,1,0,3
15,90.4,66.6,19.9,30.6,8.1,10.6,-0.495575463,8.5,1,0,0,0,0,0,5
5,74.9,56.7,13.9,30.5,-4,8.6,-0.512218486,45.6,0,0,0,0,1,0,5
15,79.3,75.1,18.9,90.6,6,2.3,-0.16963611,58.7,1,0,0,0,0,0,4
30,73.3,81.1,14.7,15,5.4,13.3,-0.428741037,31.1,0,0,0,0,0,1,4
10,60.8,73.6,25.3,13.3,3.2,5.4,-0.503545905,54,0,0,0,0,0,1,5
92.07786056,69.51294518,51.08349336,30.42335817,6.387054817,1.692213944,5.19737307,-0.474977872,43.77936349,0,0,0,0,0,0,1
92.86029947,69.75897369,53.6173339,31.11573775,5.912202352,2.643677861,5.000883851,-0.452963444,40.24792556,0,0,0,0,0,0,1
95,71.30717368,32.62152103,31.55710177,4.4,2.107029858,6.792826325,-0.405942558,37.7713053,1,0,0,0,0,0,1
90,91.2,92.87688109,13.92899085,5.4,3.105871946,2.709449693,1.83816965,106.3563293,1,0,0,0,0,0,1
90,92.20771506,90.85691398,15.28156273,6.776953412,2.979960565,2.886172047,3.062873554,31.45703732,1,0,0,0,0,0,1
90,91.17508025,91.22491975,13.87475926,5.375080248,2.19711109,2,1.73166039,108.4581852,1,0,0,0,0,0,1
95,71.49570085,33.23830151,31.30625331,4.400390832,1.403908317,6.599218337,-0.394942367,36.99570085,1,0,0,0,0,0,1
90,91.2,90.12123839,13.8,5.498069237,2.869107794,2.980692371,2.072314219,99.03555307,1,0,0,0,0,0,1
94.48524028,70.96321053,35.73859494,31.37055378,4.770626999,2.345572084,6.488192223,-0.409468387,39.32217619,0,0,0,0,0,0,1
90,63.99092964,62.47455778,25.99723368,22.96725629,3.411836676,5.367256288,1.631685886,28.68439955,1,0,0,0,0,0,1
92.68407533,70.35368151,53.23638703,30.72303081,6.121147268,2.214726027,5.473630133,-0.59798466,42.1529966,0,0,0,0,0,0,1
90,90.00246181,86.87939983,15.38652553,8.823666519,1.628978612,3.497754255,2.282055353,31.85877783,1,0,0,0,0,0,1
90,63.38553795,62.1948481,27.41088858,23.47830306,2.714630233,5.973399577,1.479041272,34.74223204,1,0,0,0,0,0,1
90,92.17904392,90.97804988,14.28795409,6.379043921,4.61831737,3.272772457,2.366372412,63.54401762,1,0,0,0,0,0,1
90,63.34194881,62.08516929,27.23029726,23.48644095,2.827753932,5.88644095,1.503879033,33.29216343,1,0,0,0,0,0,1
95,70.43106832,42.58446124,32.85339752,4.49611646,2.40388354,6.419417699,-0.483622016,35.98932141,1,0,0,0,0,0,1
92.66306962,70.35326139,53.3292323,30.70328544,6.135851269,2.213045569,5.465227846,-0.598995789,42.20971204,0,0,0,0,0,0,1
90,71.62021973,54.62230087,28.7275618,28.9421593,2.10299176,6.441523346,1.312676778,56.91678004,0,0,0,0,0,0,1
90,65.38918341,63.85965354,25.0802828,22.03363736,3.498699191,5.059059744,1.672335753,30.89087297,1,0,0,0,0,0,1
90,65.68948307,62.53684558,22.37366474,22.83157721,2.105261767,5.231577209,1.155787809,24.45261107,1,0,0,0,0,0,1
90,65.86333711,62.60123597,22.01307858,22.79938202,2.079505613,5.199382016,1.134649166,24.07270779,1,0,0,0,0,0,1
90,79.54921102,78.74424742,19.18054618,12.94123796,1.766031559,3.525194193,1.549429642,76.17473259,1,0,0,0,0,0,1
92.68777834,70.7838001,47.46817411,30.08144484,6.064799597,2.268777834,5.743889169,-0.557893264,43.37937652,0,0,0,0,0,0,1
92.16050631,69.0938329,54.81229376,31.13951391,6.374065837,2.116050631,5.150622775,-0.512423889,43.11231398,0,0,0,0,0,0,1
90,64.61836171,62.63803288,24.70622726,22.78098356,3.295736939,5.180983559,1.558102111,26.38229302,1,0,0,0,0,0,1
93.62844069,70.56908272,41.46201617,30.82220204,5.387522701,2.088532208,5.802752554,-0.404828189,41.18999929,0,0,0,0,0,0,1
90,69.80259865,65.9707796,27.86818094,8.045129933,1.451299327,3.622078923,-0.066538707,47.74610202,0,1,0,0,0,0,1
90,66.22964435,62.78451312,21.26394161,22.70774344,2.123895016,5.107743439,1.11612586,23.23296786,1,0,0,0,0,0,1
90,91.12121349,91.27878651,14.03635953,5.321213491,4.136314309,2,1.884450799,102.9637761,1,0,0,0,0,0,1
90,91.9110505,91.75050149,14.2091325,6.111050504,4.476438502,3.225479501,2.248488382,74.56327635,1,0,0,0,0,0,1
90.17326144,70.30346523,64.33418445,28.36286575,7.878716995,2.013860915,4.469304575,-0.718844972,48.93219412,0,0,0,0,0,0,1
90,87.2976097,87.30680875,15.92623764,7.794040951,4.60016994,2.545145563,1.880744743,91.73695501,1,0,0,0,0,0,1
94.40455435,70.8308237,36.05130758,31.47373065,4.80490304,2.428546522,6.57845935,-0.426533594,39.43852695,0,0,0,0,0,0,1
95,70.87607814,38.75857653,32.2075227,4.456720169,1.967201687,6.486559663,-0.446721653,36.37607814,1,0,0,0,0,0,1
90,92.68639103,90.41433154,14.16515456,6.886391032,1.870413453,3.265154559,2.280154755,44.83982241,1,0,0,0,0,0,1
90,93.1793344,89.64489174,13.75510826,7.193111468,3.044659179,3.306888532,2.449194942,2.800769801,1,0,0,0,0,0,1
90,65.65303322,62.61325831,22.44061898,22.91008441,2.163398983,5.310084406,1.164291635,25.56106915,1,0,0,0,0,0,1
93.82725695,70.83581597,50.47987845,31.18526042,5.320920134,2.918541668,5.318541668,-0.471941811,37.61204859,0,0,0,0,0,0,1
90,91.13586531,92.19663278,14.06413469,5.335865311,4.61307751,2.394518424,1.941426975,101.8759593,1,0,0,0,0,0,1
90,63.38410567,61.92635773,27.13178865,23.45271546,2.589536596,5.852715461,1.447116115,32.27483759,1,0,0,0,0,0,1
94.80659149,70.88782307,46.68853428,32.01103209,4.627649614,3.149713788,5.545845618,-0.399084599,34.56475284,0,0,0,0,0,0,1
90,84.93002843,67.26506504,23.17769661,21.42931863,1.57260746,4.889639073,1.423796388,97.15154105,0,0,0,0,0,0,1
90,91.18255883,91.21744117,13.8523235,5.382558833,1.927882006,2,1.710447749,109.221001,1,0,0,0,0,0,1
95,70.71850614,38.73998034,32.42224079,4.460186732,2.439813268,6.599066339,-0.456944434,36.81570516,1,0,0,0,0,0,1
95,70.44611372,42.38322903,32.83082942,4.494235785,2.405764215,6.428821073,-0.482225627,36.03257694,1,0,0,0,0,0,1
90,79.72828936,79.04848428,18.81356243,12.79288019,2.277219795,3.35961015,1.666025292,75.39520919,1,0,0,0,0,0,1
90,63.46591533,62.06647883,26.95154963,23.52521131,2.641831021,5.925211313,1.442142565,33.35267664,1,0,0,0,0,0,1
95,70.69395015,40.38117136,32.47243614,4.473277259,2.132772588,6.453445482,-0.461941329,36.19395015,1,0,0,0,0,0,1
91.64482311,69.0539974,57.94442974,30.55661863,6.714416749,2.327654008,4.66055047,-0.486611253,43.79711653,0,0,0,0,0,0,1
92.3005951,69.59017853,55.25529825,30.52452369,6.389583431,1.644166628,4.510416569,-0.43180046,43.02642894,0,0,0,0,0,0,1
90,91.22656636,93.72342638,14.00781364,5.426566359,4.114064543,3.104688181,1.947399832,102.7076538,1,0,0,0,0,0,1
90,63.80644495,61.97031192,26.30839909,23.11484404,2.655467881,5.51484404,1.456267555,28.45937616,1,0,0,0,0,0,1
90,68.67563027,65.16712189,28.86460082,7.943907567,1.252415949,3.264600815,-0.426396223,48.95976892,0,1,0,0,0,0,1
90,91.88056989,92.40483172,13.89791452,6.012512904,3.691658064,3.168056989,2.104545088,68.64856501,1,0,0,0,0,0,1
90,83.21906674,82.6676568,17.48574009,10.56584044,1.619237331,3.044776718,1.584565609,87.14426493,1,0,0,0,0,0,1
95,71.11247574,38.29541192,31.87504852,4.443762131,2.806334916,6.3310923,-0.404148956,36.36199051,1,0,0,0,0,0,1
90,66.3671364,62.7970124,20.97020859,22.7014938,2.023900797,5.1014938,1.078411669,22.96423339,1,0,0,0,0,0,1
90,92.07543565,90.54342326,13.75622822,6.187892085,2.00034852,2.569033172,1.998406249,62.63218035,1,0,0,0,0,0,1
90,72.9259445,70.27325903,19.03168524,18.14762742,1.815799954,4.284256937,1.225067136,46.08289156,1,0,0,0,0,0,1
90,92.66977679,90.28133927,15.42089285,7.253482141,2.927991098,3.246517859,3.278543496,13.17991098,1,0,0,0,0,0,1
90,63.46710914,61.89315634,26.96578172,23.38631269,2.539734515,5.786312687,1.434127996,31.36179944,1,0,0,0,0,0,1
90,85.05546084,84.79212344,16.80643523,9.393950456,1.607226958,2.877791309,1.620367399,94.16835165,1,0,0,0,0,0,1
90.50927935,68.44630995,60.68321041,29.9527838,7.453690045,1.849072065,4.444454086,-0.518133144,47.41847192,0,0,0,0,0,0,1
90,91.2,90.53109361,13.82330236,5.488348821,3.039814142,3.011651179,2.063553435,99.38255893,1,0,0,0,0,0,1
90.44144304,68.37369469,61.01890884,29.96774836,7.499818732,1.952973165,4.438379242,-0.521559809,47.68179848,0,0,0,0,0,0,1
91.18274006,69.44406043,57.79929643,29.25695364,7.14842716,1.354822017,3.846192045,-0.391582926,46.52162668,0,0,0,0,0,0,1
90,92.20712981,89.87619338,14.02380662,6.451178153,2.060725159,3.167854968,2.232833074,61.64810039,1,0,0,0,0,0,1
90,69.73539625,65.34197304,28.32098652,8,1.596711605,3.795067407,-0.589257394,49.27901348,0,1,0,0,0,0,1
90,91.2,92.70201746,13.9155398,5.4,2.917557264,2.635468925,1.819692134,106.840567,1,0,0,0,0,0,1
90,91.80333669,92.42573309,14.06703741,6.003336692,3.194994962,3.16703741,2.075524901,79.86764455,1,0,0,0,0,0,1
90,69.34382449,64.5349872,28.89540037,7.913074954,1.956537477,4.313074954,-0.642415555,49.05229981,0,1,0,0,0,0,1
90,91.15004927,91.24995073,13.94985219,5.350049268,3.098226336,2,1.802659533,105.9050254,1,0,0,0,0,0,1
90,92.5999195,90.61129447,14.15554661,6.799919501,2.000120748,3.255546611,2.260116739,48.26985979,1,0,0,0,0,0,1
90,91.42385738,91.17045705,14.44544788,5.731809847,4.338647199,2.259085908,2.271559767,80.5265277,1,0,0,0,0,0,1
95,71.16667509,34.58275658,31.76664983,4.416662457,2.616637198,6.683388062,-0.409169355,37.50017681,1,0,0,0,0,0,1
90,85.00872676,84.74338648,16.82930155,9.424327604,1.609563662,2.884467605,1.620058533,94.04033367,1,0,0,0,0,0,1
90,66.76733974,63.08570869,21.40611253,21.50818662,2,5.051021368,1.008294103,24.79384045,0,0,0,0,0,0,1
90,64.44546692,62.07609886,24.95384639,23.06195057,2.289560457,5.461950571,1.307045808,27.17101674,1,0,0,0,0,0,1
90,82.22433407,81.83966267,18.19166512,11.23418286,1.748783297,3.28223799,1.601656447,86.41308653,1,0,0,0,0,0,1
90,64.99364181,62.2791266,23.81689106,22.9604367,2.208349361,5.360436701,1.240394071,25.97315308,1,0,0,0,0,0,1
92.14493755,69.88667127,51.37181716,29.87276003,6.455644963,1.643481265,4.615950041,-0.396793931,44.42403614,0,0,0,0,0,0,1
93.27531827,69.88259548,50.83005504,31.38228008,5.707277209,1.917089116,5.192722791,-0.451553809,40.45315976,0,0,0,0,0,0,1
93.55295684,70.16071496,51.15147367,31.43436014,5.455048489,2.823768777,5.194827914,-0.433788737,38.22536604,0,0,0,0,0,0,1
90,75.7111816,51.23734978,29.61034714,31.71188253,2.263217621,6.759579443,1.340962686,70.57116164,0,0,0,0,0,0,1
92.32619528,69.17004983,54.12302765,31.24224107,6.264711118,2.132619528,5.223525921,-0.510911511,42.691464,0,0,0,0,0,0,1
90,68.69395233,64.58418515,24.06055654,15.25739911,2,4.794139689,0.687822624,34.72659868,0,0,0,0,0,0,1
90,78.98189889,48.00883529,30.74982284,34.24405076,1.883392387,7.202708882,1.246659654,82.89438035,0,0,0,0,0,0,1
95,71.16963427,34.38005228,31.76073145,4.415182863,2.606280043,6.702622776,-0.40944346,37.56231974,1,0,0,0,0,0,1
90,91.17346075,87.98127731,14.92300512,8.189375425,1.539527304,3.420500853,2.309702644,32.07020819,1,0,0,0,0,0,1
90,70.37077462,66.14123239,27.47045776,8.073538731,1.735387311,4.076619698,0.134040937,46.89383807,0,1,0,0,0,0,1
90,67.23583969,66.20880424,25.5253213,20.9767042,2.498208016,5.423451473,1.502597299,45.355318,1,0,0,0,0,0,1
90,64.07870019,62.40592031,25.81833966,22.89703985,3.308880458,5.297039847,1.606102203,27.58815939,1,0,0,0,0,0,1
90,92.63701851,90.00566863,14.18089571,6.837018507,2.068650119,3.051644242,2.274842502,45.46733375,1,0,0,0,0,0,1
90,92.76071119,89.73573286,15.05715524,7.192859206,3.746400714,3.307140794,3.043512675,21.36400714,1,0,0,0,0,0,1
90,91.39701722,90.06059656,13.79014914,5.667464636,2.9,3.029552583,2.115033169,89.11660372,1,0,0,0,0,0,1
90,64.72096469,62.38024117,24.36301033,23.17222868,2.367288974,5.572228681,1.282701397,28.88156329,1,0,0,0,0,0,1
90,66.30905132,62.79173194,21.09429946,22.70413403,2.066144496,5.104134031,1.094344459,23.07776333,1,0,0,0,0,0,1
90,65.62188582,64.10614572,24.97858324,21.88367359,3.478876393,5.0314802,1.672233343,31.61311227,1,0,0,0,0,0,1
90,64.36787496,63.21792675,26.92857546,22.84088127,2.641606252,5.83316072,1.483642884,37.4991432,1,0,0,0,0,0,1
90,92.83977464,89.73560564,14.16439436,7.048676049,1.533521133,3.273295773,2.328578497,38.3105355,1,0,0,0,0,0,1
95,71.26044897,39.33250634,31.68328165,4.447910206,2.262383705,6.120897942,-0.394174623,35.56269383,1,0,0,0,0,0,1
90,68.78957437,65.43773912,28.67944166,7.972393591,1.124228839,3.079441656,-0.405463686,49.03098398,0,1,0,0,0,0,1
93.18205482,70.07287399,43.75305462,31.00918083,5.636202721,2.281846579,5.918309604,-0.455846297,41.98132597,0,0,0,0,0,0,1
90,64.26598419,62.00962377,25.32610687,23.09518811,2.316150491,5.495188114,1.328868835,27.56321974,1,0,0,0,0,0,1
90,76.76940493,74.42746089,20.62461055,15.99157233,2.639837123,4.370768424,1.969622812,29.46947589,1,0,0,0,0,0,1
90,89.25807196,83.7869008,16.70444889,10.36458124,1.384431654,2.894975529,1.587517524,106.710872,0,0,0,0,0,0,1
95,70.43692319,42.67104793,32.84629354,4.496643346,2.366433462,6.406713308,-0.483420001,35.93692319,1,0,0,0,0,0,1
90,93.03455824,89.82605086,13.73151272,7.0503146,3.057563579,3.197583674,2.393474857,8.401813491,1,0,0,0,0,0,1
93.14595038,69.84378512,51.41738525,31.26843634,5.797834731,1.880866108,5.102165269,-0.448932091,40.79469098,0,0,0,0,0,0,1
90,93.19180127,89.7,13.72049684,7.2,2.838509491,3.3,2.428620523,1.807698148,1,0,0,0,0,0,1
90,93.07487822,89.9085363,14.1170726,7.22085363,2.774878219,3.27914637,2.646033327,1.834632329,1,0,0,0,0,0,1
90,91.13471577,92.16789431,14.06528423,5.334715772,4.622273822,2.381873495,1.941529375,101.8414732,1,0,0,0,0,0,1
90,92.63422859,89.81315428,13.72828857,6.719094297,2.9,3.215134288,2.332440808,28.30766504,1,0,0,0,0,0,1
95,71.49764302,33.19292906,31.30314264,4.4,1.408642265,6.602356981,-0.394721955,37.00942793,1,0,0,0,0,0,1
90,92.3323315,89.65689133,14.37385145,6.532331504,4.968462861,2.958480059,2.450481781,54.99834577,1,0,0,0,0,0,1
95,70.72627648,44.63138239,32.4649647,4.5,2.835035304,5.964964696,-0.436055011,34.86679115,1,0,0,0,0,0,1
90.66263619,68.48432899,61.44101516,30.10481265,7.362660114,2.07228541,4.385538133,-0.513800953,46.66510232,0,0,0,0,0,0,1
95,71.0438353,42.99728173,32.01232939,4.478082348,3.046576439,5.884929471,-0.397790901,34.92054137,1,0,0,0,0,0,1
90,72.19786379,53.98372135,29.40863777,29.70764087,2.20920743,6.708922601,1.339609803,62.2751765,0,0,0,0,0,0,1
90,91.70764141,92.64370568,14.0564046,5.907641409,3.338537887,3.156404601,2.053349468,83.66355745,1,0,0,0,0,0,1
90,91.11880073,91.77001829,14.08119927,5.318800732,4.749594146,2.206808049,1.942947073,101.364022,1,0,0,0,0,0,1
90,69.42935104,65.47313527,28.38656763,8,1.378107885,3.467161827,-0.514493271,49.21343237,0,1,0,0,0,0,1
91.37895459,69.03768912,55.36079789,30.21368638,6.862310876,1.762104541,4.861898205,-0.494206381,45.40082534,0,0,0,0,0,0,1
90,92.08283648,90.90686541,15.14835891,6.61044864,3.196416768,2.786269184,2.93680712,39.27443637,1,0,0,0,0,0,1
90,92.94810933,89.888918,13.71259453,6.9732984,2.698487467,3.136271067,2.334771184,14.41695932,1,0,0,0,0,0,1
90,92.67194145,90.26835132,15.41223422,7.252039036,2.947473013,3.247960964,3.27294868,13.37473013,1,0,0,0,0,0,1
90,66.16973916,64.45346983,24.82031158,21.73305796,3.449533814,5.070051931,1.719364649,27.55564735,1,0,0,0,0,0,1
93.75148315,70.27586023,50.44471999,31.52568225,5.324021121,2.875385619,5.250415282,-0.42829297,37.6456692,0,0,0,0,0,0,1
94.78750522,71.35550355,34.50046804,31.23625157,4.544496449,1.421249478,6.498002506,-0.400429324,37.49298789,0,0,0,0,0,0,1
90,91.58342391,92.69483697,14.11277174,5.783423908,4.302989128,3.167663043,2.104373113,88.03451107,1,0,0,0,0,0,1
90,91.14996695,92.54917373,14.05003305,5.349966949,4.500264408,2.549636439,1.940170814,102.2990085,1,0,0,0,0,0,1
90,91.33316544,93.50513367,14.16170089,5.580724525,3.928787292,3.109511817,2.080595631,94.5830492,1,0,0,0,0,0,1
90,91.18694008,93.47350206,14.01305992,5.386940082,4.204479342,2.956340905,1.936877279,103.4082025,1,0,0,0,0,0,1
90,91.27807727,93.62215733,14.00867525,5.478077269,3.982884097,3.108675252,1.953806729,100.702935,1,0,0,0,0,0,1
90,65.48569858,62.71688169,22.8532803,22.74155916,2.664946487,5.141559155,1.320190842,24.68704368,1,0,0,0,0,0,1
90,91.10961683,91.5404207,14.09038317,5.309616828,4.823065376,2.105785108,1.943765167,101.0885048,1,0,0,0,0,0,1
90,92.94688405,89.27507243,14.35934784,7.146884053,3.312174076,3.353115947,2.528469393,33.1967392,1,0,0,0,0,0,1
90,91.12873675,92.01841867,14.07126325,5.328736747,4.670106024,2.316104217,1.942061982,101.6621024,1,0,0,0,0,0,1
92.13560319,69.55221017,50.73010851,30.44068096,6.347789834,1.686439681,5.225089529,-0.47338924,43.64540061,0,0,0,0,0,0,1
90,65.03722306,62.45930576,23.71072744,23.08328102,2.298107456,5.483281015,1.24252401,27.75489286,1,0,0,0,0,0,1
90,91.13449474,91.26550526,13.99651577,5.334494743,3.658189239,2,1.84677918,104.3184638,1,0,0,0,0,0,1
90,66.23919244,65.16944354,26.01296656,21.62452492,2.548040378,5.565829652,1.496010445,42.62521642,1,0,0,0,0,0,1
94.97628741,70.99004071,46.09342761,32.08292693,4.516598815,3.189566459,5.5871952,-0.393689944,34.07161203,0,0,0,0,0,0,1
90,71.04713793,69.85289425,22.60754713,18.3874,3.016725288,4.388487357,1.669845758,48.45148735,1,0,0,0,0,0,1
95,71.32088996,37.78521711,31.58657607,4.435822009,2.044796157,6.241779913,-0.394277687,35.92533974,1,0,0,0,0,0,1
95,71.48224659,33.14673977,31.32367121,4.4,1.465095834,6.617753409,-0.395628963,37.07101364,1,0,0,0,0,0,1
91.0603547,70.44844966,61.04944503,29.02707667,7.257751707,2.254485129,4.654485129,-0.656469046,46.13410751,0,0,0,0,0,0,1
91.61890626,69.03896563,58.03669373,30.54469688,6.731521871,2.320915626,4.653293752,-0.487328704,43.87279373,0,0,0,0,0,0,1
90,69.51316982,57.35538721,27.45103981,26.9134218,2.982986731,5.919848814,1.519667005,47.21865274,0,0,0,0,0,0,1
90,91.13795516,91.26204484,13.98613453,5.337955157,3.53361435,2,1.836963887,104.671426,1,0,0,0,0,0,1
95,71.38623315,36.11243124,31.48202695,4.422753369,1.809560644,6.372466309,-0.39438911,36.31739893,1,0,0,0,0,0,1
95,71.07655688,40.75585367,31.94688624,4.46172156,2.932050917,6.097619725,-0.400821849,35.6076945,1,0,0,0,0,0,1
90,92.13049505,90.88780198,15.19919472,6.673993396,3.113808585,2.824396038,2.984919019,36.29101006,1,0,0,0,0,0,1
94.16992029,70.01816333,46.45313159,32.38535058,5.047852607,2.316992029,6.034764928,-0.494082331,38.00840246,0,0,0,0,0,0,1
90,68.89830439,67.57672243,23.54666697,19.77220383,3.19977407,4.643163924,1.670791432,41.78214475,1,0,0,0,0,0,1
90,91.2,93.36019666,13.96616897,5.4,3.626365638,2.913929358,1.88924071,105.0179169,1,0,0,0,0,0,1
93.33308424,70.03318886,51.93422011,31.33321875,5.600164402,2.766601902,5.133263587,-0.43987543,38.86739402,0,0,0,0,0,0,1
90,65.32175939,62.70197813,23.20351403,22.74901094,2.784174989,5.149010937,1.365159506,25.00747028,1,0,0,0,0,0,1
90.91548242,68.6309798,60.5408826,30.22112191,7.195781605,2.138025428,4.456335077,-0.506801457,45.92679134,0,0,0,0,0,0,1
90,92.24729187,90.84108325,15.323778,6.829722499,2.911360751,2.917833499,3.102826827,28.97952868,1,0,0,0,0,0,1
91.43370066,69.5595023,56.12287959,29.41756842,6.967735525,1.430110198,4.046960528,-0.392942062,45.97453256,0,0,0,0,0,0,1
90,92.98316021,89.5652817,14.25051936,7.183160212,2.006232369,3.316839788,2.408512528,32.65259682,1,0,0,0,0,0,1
90,91.43460764,91.04506084,14.03626521,5.60274025,4.581326053,2.207138066,2.022256943,84.81850154,1,0,0,0,0,0,1
90,76.59616987,54.00145141,29.62443892,25.38269723,1.870541594,6.312417687,0.906724333,71.66803522,0,0,0,0,0,0,1
90,91.69429966,91.06228014,14.73391964,6.092399548,3.869880587,2.475439729,2.54457451,63.5968412,1,0,0,0,0,0,1
90,70.0059174,56.08526236,28.27353927,27.77179011,2.163528098,6.270003723,1.330003387,51.18600676,0,0,0,0,0,0,1
90,92.72735252,89.93588489,15.19058993,7.215098322,3.446172659,3.284901678,3.129732148,18.36172659,1,0,0,0,0,0,1
90,92.96152802,89.06407471,14.33592529,7.120509339,4.569303883,3.379490661,2.631893646,27.0498808,1,0,0,0,0,0,1
90,89.54130579,89.66309174,14.84862016,6.322369323,4.777092213,2.223468705,1.918437024,97.08483279,1,0,0,0,0,0,1
94.93023657,71.46372301,33.65346232,31.26093248,4.450229673,1.394418925,6.548375059,-0.394451872,37.16882751,0,0,0,0,0,0,1
90,93.16070692,89.59521845,13.80478155,7.186902306,3.175051573,3.313097694,2.464819908,4.874629788,1,0,0,0,0,0,1
94.54558254,70.26367476,45.06305528,32.50011263,4.818092224,2.272763111,6.081907776,-0.477296476,37.0996621,0,0,0,0,0,0,1
90,64.42852877,62.62077534,25.11177944,22.78961233,3.433797255,5.189612328,1.610173453,26.75333012,1,0,0,0,0,0,1
90,92.0564914,89.92870172,13.75717543,6.228017688,2.9,3.12847371,2.230918561,56.70344781,1,0,0,0,0,0,1
90,69.21505775,64.45889776,28.98904891,7.901368886,1.950684443,4.301368886,-0.63099977,49.00547554,0,1,0,0,0,0,1
90,92.24116219,91.49456944,15.26426837,6.81300583,2.761362898,3.174368728,3.068480547,31.73670267,1,0,0,0,0,0,1
95,71.4629009,34.14973708,31.35935857,4.407419821,1.533556777,6.52580179,-0.394519844,36.77740537,1,0,0,0,0,0,1
86.62600904,49.75018566,21.66726187,39.35852922,9.285481111,2.369919277,8.472358734,-0.146142731,39.12856635,0,0,0,0,0,0,2
71.61014196,79.68814606,80.79540575,11.01394519,21.44833675,1.444912776,4.401267745,-0.407725285,45.59356381,0,0,0,0,0,0,2
90,64.24810382,38.32004326,35.57916943,75.35332662,3.018396539,5.758410958,1.036890465,81.97602019,0,0,0,0,0,0,2
69.95272723,75.7182788,63.60961213,25.10047273,0.206775764,-0.389127263,19.9914909,-0.52016628,78.32798781,0,0,0,0,0,0,2
81.4477268,80.45406104,46.71929604,26.92100705,0.556568196,3.613136392,6.899553041,-0.485743806,83.43530973,0,0,0,0,0,0,2
61.25212935,91.35868846,68.14889274,17.051959,5.536201097,2.136882489,13.2641396,-0.474442366,70.87683124,0,0,0,0,0,0,2
73.32129544,73.49134434,70.71734619,15.32634554,20.36065353,0.984476933,4.764620225,-0.402980727,42.4277959,0,0,0,0,0,0,2
87.47348542,73.79787883,38.17954374,27.95371204,4.701060583,0.293636501,14.14416679,0.727394897,119.9802266,0,1,0,0,0,0,2
40,87.58560758,75.0313415,24.82878484,4.5,4.786354516,13.45756968,-0.475981664,34.98486064,0,1,0,0,0,0,2
80.73328587,64.94004272,52.85211962,26.14061873,300.2425475,2.238677109,6.331991456,2.955029757,103.7367355,0,0,0,0,0,0,2
64.91668493,93.0166411,63.92663891,15.78504712,2.871672876,2.916663014,11.16836219,-0.515754933,37.63334794,0,0,0,0,0,0,2
90,61.17554124,43.07941515,39.24963917,0.598063045,2.863197859,6.082567407,-0.243350033,24.52639572,0,1,0,0,0,0,2
90,62.44838443,32.40753934,35.71613208,67.69141908,1.520428455,7.026878924,0.820635563,87.51933959,0,1,0,0,0,0,2
90,55.82048207,2.83990792,45.67992417,5.539998195,0.379978334,8.360010833,0.134490993,54.32023832,0,1,0,0,0,0,2
70,99.7506438,71.9506438,4.542918248,1.949356204,6.226609489,0.574678102,-0.545582363,35.11158832,0,0,1,0,0,0,2
41.75100569,87.81012068,73.05871271,24.34473852,4.5,5.505462619,14.4155833,-0.479331204,34.67975863,0,1,0,0,0,0,2
88.55221225,80.55925665,56.08686726,32.61540706,1.325336286,3.171044245,9.807238939,-0.469229123,9.560504525,0,1,0,0,0,0,2
62.95450957,94.3318433,65.55912177,13.52495658,2.531811722,2.674996052,9.806791983,-0.51173915,37.45454115,0,0,0,0,0,0,2
90,42.25774529,3.352111525,47.03485958,5.133450892,-0.406338106,7.44154936,-0.421396701,54.41337854,0,1,0,0,0,0,2
50,80.11068262,74.41068262,16.47008867,47.67649824,4.587180858,10.10640957,0.094586982,37.88890077,0,0,0,0,1,0,2
76.73435497,59.34471701,42.95536845,30.60091093,7.634065571,3.045627938,6.850310764,-0.05594909,64.35283961,0,0,0,0,0,0,2
90,45.15138167,15.5459246,42.85272854,9.541814384,1.875903711,7.578171692,-0.132054243,45.81055803,0,1,0,0,0,0,2
75.62095429,86.34333889,54.84967634,24.98738516,2.258603047,4.494114114,12.48408853,-0.472520868,23.11869647,0,1,0,0,0,0,2
77.26022818,85.70823826,58.25069302,25.66572778,2.021920403,3.242465906,10.77671584,-0.48322561,21.57949907,0,1,0,0,0,0,2
70.31451198,73.05146148,68.32243752,24.55160959,47.72664815,3.3,3.701287669,-0.138064986,37.64997429,0,0,0,0,0,0,2
90,50.94639963,23.30346531,42.17146716,8.5,0.71066605,4.50720074,-0.292238591,76.04054949,0,1,0,0,0,0,2
50,80.32749596,74.62749596,15.8630113,47.19950888,4.327004844,10.23649758,0.090724273,35.63404199,0,0,0,0,1,0,2
63.03458202,88.37454112,69.16573918,14.4559653,6.188678459,3.073585849,2.996854664,-0.197762684,33.48551645,0,0,0,0,0,0,2
89.16150689,65.63787394,40.47574787,31.54164116,105.988639,2.44907124,6.568317795,3.26325943,91.74716153,0,0,0,0,0,0,2
89.36127308,57.54930515,29.42456269,34.38682216,78.97695826,0.808583577,7.885029154,1.651492377,83.92436103,0,0,0,0,0,0,2
86.4784059,74.04019926,57.06146068,24.84883778,7.910298456,4.606312324,10.26179424,-0.260598615,96.8398692,0,0,0,0,0,0,2
82.01356623,81.27850771,56.47918603,31.78172969,1.439762591,3.040271325,9.839932169,-0.47551595,14.35006274,0,1,0,0,0,0,2
90.80038466,67.88939973,35.72893814,37.5970078,1.148407735,1.671938455,5.25612309,-0.487879883,75.77696122,0,1,0,0,0,0,2
90,48.87255603,20.07276533,43.42162183,8.670478329,0.536382664,5.328482821,-0.079714548,68.02868447,0,1,0,0,0,0,2
68.40775609,76.49612195,63.93755571,24.99809639,0.473865952,0.071304196,19.7643479,-0.518094551,75.56580585,0,0,0,0,0,0,2
74.68028086,74.77726859,66.6809187,18.86260385,71.88131531,0.64476068,3.965985957,-0.421053956,137.0797716,1,0,0,0,0,0,2
68.98934408,99.85957376,71.75637699,3.364901722,1.880852473,6.498934408,0.459573763,-0.506388389,36.52657354,0,0,1,0,0,0,2
50,80.38860411,75.67511826,15.80465297,47.02279178,4.21139589,10.4704653,0.111662397,32.09534703,0,0,0,0,1,0,2
69.1749812,92.11650038,81.88349962,18.46699925,1.3,3.967996992,7.833000752,-0.513459273,50.55049887,0,0,0,0,0,1,2
70,81.95628134,77.31545851,22.2265264,30.82621244,3.002914577,7.24373741,-0.389778184,39.51108664,0,0,0,0,0,0,2
90,69.75535939,41.85968538,35.86047193,24.57177641,1.739921346,5,-0.491575253,79.39646055,0,1,0,0,0,0,2
53.2104949,87.40050087,57.59737628,23.94372097,2.32104949,2.785259388,11.02735837,-0.501817889,38.37788908,0,1,0,0,0,0,2
50,80.57165337,74.87165337,15.17937056,46.66236258,4.034015953,10.38299202,0.086374407,33.09480492,0,0,0,0,1,0,2
86.15729744,56.36880443,45.21865928,38.88044339,5.043916601,2.051332805,4.086935867,-0.36947332,46.00981789,0,0,0,0,0,0,2
74.15268055,73.53943607,70.9297113,15.3114031,20.35990217,1.1505035,4.681710944,-0.408106586,41.61426105,0,0,0,0,0,0,2
74.04823412,82.34771746,46.63376389,34.32842381,10.51903532,1.390869838,6.35228254,-0.262221532,41.88552976,0,1,0,0,0,0,2
90,43.46511253,21.27441944,44.39796579,9.421512149,1.137209719,7.656687663,-0.003550052,40.8412602,0,1,0,0,0,0,2
67.51906112,88.92993573,59.76611153,21.413724,2.488703844,4.593278512,11.49847511,-0.5072537,29.28461059,0,1,0,0,0,0,2
90,65.40123669,35.25744436,33.42247521,52.51117864,1.1769261,7.669820392,1.675291565,84.92131713,0,0,0,0,0,0,2
67.12038096,97.83508952,81.01251429,13.28214477,0.559165714,2.547127618,10.73399238,-0.472543756,44.30936762,0,0,0,0,0,0,2
67.69136126,86.03283246,77.92640837,23.85210472,1.622963351,3.476790576,13.32124084,-0.513883273,32.86120941,0,0,0,0,0,1,2
90,50.46868788,23.33832251,42.19247321,8.484688211,2.953720363,4.76176356,0.019240741,69.56696654,0,1,0,0,0,0,2
90,65.55418311,40.54582472,32.29535428,6.00526254,4.056037479,10.60804997,-0.202734883,90.76316614,0,1,0,0,0,0,2
70.42025055,88.62769728,54.96217745,21.7311378,2.409519136,2.627443282,11.56749408,-0.490809398,29.77023032,0,1,0,0,0,0,2
71.16955693,75.93626203,85.97493235,10.26720629,22.04916174,3.588892091,4.058477847,-0.420458738,40.20226418,0,0,0,0,0,0,2
90,66.82890552,10.97717502,42.3843779,5.414218895,2.28858751,7.92843779,-0.528624345,49.79438719,0,1,0,0,0,0,2
75,78.40733145,47.58031976,33.42723257,10.07017636,2.149503874,6.181312016,-0.292847835,46.68313172,0,0,0,0,0,0,2
82.76596625,78.05212711,82.01808715,17.15531932,22.87978057,5.664893903,6.823403375,0.134128154,14.98190871,0,0,0,0,1,0,2
72.67476511,74.81673152,73.43923888,14.05591344,20.93283288,1.045897314,4.654710069,-0.402579152,42.13039195,0,0,0,0,0,0,2
73.19549632,70.90310294,47.64477573,25.17927757,7.683459559,2.964231618,5.311279412,-0.145418926,30.02492463,0,0,0,0,0,0,2
65.12365421,99.70494617,70.44204243,5.143119063,2.190107663,6.112365421,0.304946168,-0.48510685,31.6558043,0,0,1,0,0,0,2
90,53.18192616,26.73202693,38.48045538,15.66797307,-0.71475923,5.279417692,-0.532180585,72.41352,0,1,0,0,0,0,2
70,79.53965896,68.72395924,30.55952175,2.053720109,4.645460601,18.10744022,-0.510293463,14.59255978,0,0,0,0,0,1,2
65.34736276,86.49011195,62.26272767,22.7029408,2.551369214,4.777053821,16.68336706,-0.496683345,26.11285576,0,0,0,0,0,0,2
60.52751425,92.65574948,68.52569259,16.38531311,5.978216305,2.347020866,12.70618598,-0.47065111,70.25366226,0,0,0,0,0,0,2
67.60071188,93.41963389,66.09964406,13.94456747,1.172004068,1.908006102,5.332075256,-0.49163175,26.8514549,0,0,0,0,0,0,2
80.56565658,79.40262623,56.72696967,22.12949498,1.166060605,4.645353532,3.458383843,-0.374176894,30.82666666,0,0,0,0,0,0,2
90,73.1525707,41.02263207,35.69279216,0.3,1.924747865,5.06804429,-0.50812884,83.01859792,0,1,0,0,0,0,2
80.73588525,63.00221999,54.82828203,24.80382788,19.85715787,1.230746392,4.697832541,-0.478885776,55.90468435,0,0,0,0,0,0,2
82.94986652,87.54010679,65.26369622,25.66638387,0.982743993,1.817994661,10.41430139,-0.478307977,27.57208838,0,0,0,0,0,0,2
90,50.74131121,42.35073195,43.10579253,5.009420747,2.792743564,3.228262241,-0.044251551,33.66664563,0,1,0,0,0,0,2
42.65596273,87.91871553,71.90036771,24.10944969,4.5,5.921742855,14.94045838,-0.481457371,34.46256895,0,1,0,0,0,0,2
66.66637453,84.03402861,84.26627813,6.833169738,15.99935146,4.033362547,4.033336255,-0.439236672,39.66684779,0,0,0,0,0,0,2
58.40026217,91.60421236,60.83607603,17.87169326,2.840026217,3.156023595,11.76405506,-0.504429925,39.06003933,0,1,0,0,0,0,2
85.25315573,73.39682336,49.96139549,27.66201967,168.6287292,1.952531557,7.289873771,4.172701856,96.41014017,0,0,0,1,0,0,2
67.63098773,99.80523951,71.29453583,3.989745642,1.989520981,6.363098773,0.405239509,-0.498910316,34.81504454,0,0,1,0,0,0,2
58.29621028,84.19852475,57.6740816,28.55036155,1.85481632,2.337778423,9.522967909,-0.502220626,31.97191228,0,1,0,0,0,0,2
90,52.790214,42.54506545,41.32154582,5.162746727,1.678454184,3.437253273,-0.180299249,29.87648036,0,1,0,0,0,0,2
86.79623416,75.82733036,45.31260253,29.26996645,15.43370625,0.705891132,11.37266964,0.920758533,109.2204697,0,0,0,0,0,0,2
90,72.18315581,33.54194414,36.96451396,0.3,2.95233023,5.887816266,-0.504449202,92.55486036,0,1,0,0,0,0,2
70,95.47062174,84.12893846,17.89067552,3.403363382,2.101958551,13.04364183,-0.45772152,47.67600064,0,0,0,0,0,0,2
83.82790042,57.78817812,38.84668222,30.48214785,13.5098465,0.802195585,5.804036448,-0.424855564,43.27839887,0,0,0,0,0,0,2
80.46226016,73.12410658,42.37091243,26.8366909,13.94089975,1.175189756,6.33551813,-0.582149387,49.27443073,0,0,0,0,0,0,2
90,70.91252397,28.80354746,38.08747603,1.871746165,3.038362895,7.069822627,-0.49688226,83.60581256,0,1,0,0,0,0,2
25.42189565,90.79783687,86.1615753,17.33716974,5.143444522,0.814365913,10.46966643,-0.511337482,25.36321826,0,0,0,0,0,0,3
30,92.63987715,75.29938576,23.18036855,3.2,1.720859942,14.09815727,-0.485917904,59.57791157,0,1,0,0,0,0,3
32.92226893,84.75142851,81.26920172,19.55172266,5.070252114,1.70911765,9.856806685,-0.503021132,58.20373948,0,0,0,0,0,0,3
30,83.20182914,73.80864828,25.30876934,2.805420307,2.573934098,27.02332219,-0.486595868,45.62777397,0,0,0,0,0,0,3
22.56522108,79.13608758,32.13000594,31.58911991,42.98869218,0.71565306,8.438696427,-0.390957693,33.02216243,0,0,0,0,0,0,5
6.041474191,92.36304278,92.36663587,15.00460936,20.65142197,7.800461941,11.06239606,-0.403431695,15.508572,0,0,0,0,0,0,5
27.19274017,79.88707833,17.86612746,24.28044978,0.811382915,4,18.08407969,-0.520950346,63.41619651,0,0,0,0,0,1,5
14.24013006,54.60941011,77.84013006,16.73493727,12.32477009,3.369605203,6.756841621,-0.503650596,43.90849045,0,0,0,0,0,1,5
10,61.28525642,82.53776895,27.93339224,5.511906866,1.152232537,8.161162687,-0.523637873,84.52659881,0,0,0,0,0,1,5
10,68.08568326,79.08902124,8.812368824,4.300208052,3.841834518,51.57762638,-0.420123867,21.45858159,0,0,0,0,0,0,5
13.37795904,68.96055501,52.70916748,15.72646511,11.25859562,5.020391879,6.753346928,-0.297103355,41.47240004,0,0,0,0,0,0,5
19.0008815,87.68747177,45.59263401,24.63400915,10.8987659,1.226995761,6.079841329,-0.458989355,38.41288083,0,0,0,0,0,0,5
14.51272082,64.83432508,89.27123661,11.76860788,5.418629018,-32.06278425,17.20069301,-0.523033918,51.7453216,0,0,0,0,0,1,5
17.12908175,86.0695814,61.39534661,22.71295932,25.99861201,7.276112205,9.820622395,-0.488335012,9.4516327,1,0,0,0,0,0,5
25.55130219,79.64372137,36.93759652,23.07878876,40.18177594,1.432312525,9.06577346,-0.404781731,23.73545019,0,0,0,0,0,0,5
26.06215751,81.2601096,42.0077877,14.48394865,32.64298027,3.231608737,8.402065915,-0.467250608,13.76789729,0,0,0,0,0,0,5
15.21219233,73.05038695,41.31010533,25.63777275,25.72211047,2.924806527,7.229706926,-0.347103304,41.622415,0,0,0,0,0,0,5
15,65.50168748,44.62282391,31.50648298,41.30328598,3.355772714,7.260657196,-0.121534103,46.11314393,0,0,0,0,1,0,5
14.87539407,64.95763399,91.30220681,10.30340794,4.809337956,-34.99318412,10.94820617,-0.524149608,51.0417355,0,0,0,0,0,1,5
39.86314847,67.43010734,0,37.55894454,1.9,4.049266551,25.05474061,-0.518051987,41.8370483,0,0,0,0,0,1,5
15,64.94374458,51.8138913,32.46285595,41.29339947,5.895858622,7.557635878,-0.253839,45.77359786,0,0,0,0,1,0,5
16.35506393,79.11869616,40.28232839,21.779767,19.63157134,2.190733509,5.02006982,-0.496609799,35.40996469,0,0,0,0,0,0,5
10,63.90995887,89.54409192,15.36489749,5.10568612,3.688627759,8.132226792,-0.521971701,44.61603992,0,0,0,0,0,1,5
20,86.74080457,53.16637943,29.11839086,9.5,1.008437818,5.9,-0.441024965,36.8858934,0,1,0,0,0,0,5
18.64679174,71.65549048,18.02473409,237.3946591,9.156864596,7.005962479,6.296785752,-0.515764468,2.30045405,1,0,0,0,0,0,5
13.97023366,89.52035422,69.88012801,16.98117575,36.23491298,8.135237386,1.51488317,-0.460759716,16.02002981,1,0,0,0,0,0,5
10,80.5808643,66.3,11.97654279,10.1191357,4.766050123,40.6,-0.517606259,12.02962836,0,0,0,0,1,0,5
13.42796785,86.25720322,74.27160965,12.40746084,20.89108616,7.494321929,1.997372218,-0.494021991,48.13162612,1,0,0,0,0,0,5
10,87.12459717,62.52315028,22.13923051,10.79710621,5.198553107,5.40578757,-0.483782208,33.09710621,0,0,0,0,1,0,5
13.88305098,89.39579671,69.08711843,17.12786479,34.93586384,7.932983059,9.124576471,-0.484141367,10.43179639,1,0,0,0,0,0,5
13.18692177,85.64933979,57.75044161,30.76972665,27.36805295,4.687472675,9.171774603,-0.391523231,31.73421361,0,0,0,0,0,0,5
5,75.25931493,51.82712338,12.64917861,29.56780846,4.889723882,7.772876617,-0.380486338,56.28287314,0,0,0,0,1,0,5
10,63.36758256,88.15132312,18.08347506,5.199430175,3.501139651,8.192490827,-0.522042224,51.00402761,0,0,0,0,0,1,5
10,86.843772,61.13345065,22.79786534,10.97081867,6.566549348,3.520994646,-0.460947531,33.1,0,0,0,0,1,0,5
10,64.64086189,69.01211796,30.84621782,9.552529049,5.430195618,53.35123034,-0.516036513,97.24351301,0,0,0,0,0,1,5
10,58.48890724,75.53082503,42.33298343,6.02617798,1.248658371,8.643291856,-0.52313691,111.5901162,0,0,0,0,0,1,5
14.12739207,71.77032265,44.32585004,22.63287604,21.26358142,3.564838677,7.07783489,-0.339857707,41.76343903,0,0,0,0,0,0,5
16.04712157,80.35339858,39.60784187,76.05033924,16.67434101,5.461258041,10.49424314,-0.655087304,21.02931325,0,0,0,0,0,0,5
10,77.44486493,91.30533342,8.793669582,69.62721911,6.985045022,6.688036017,-0.4679344,33.06315934,0,0,0,0,0,0,5
37.35304149,65.81182489,6.670335453,37.4147129,1.555895393,3.338260372,19.41491754,-0.519434081,34.35616824,0,0,0,0,0,0,5
18.04902237,69.0701899,12.19361022,260.3705718,3.072938529,6.326863131,4.836568434,-0.515532823,6.45773597,0,0,0,0,0,0,5
10,80.61159529,86.0372109,9.234293372,76.11932548,-1.896134904,12.51352784,-0.338044373,10.69806745,0,0,1,0,0,0,5
15.83350475,77.23371044,41.86719462,6.967606016,2.750277691,6.066454113,19.56610443,-0.486508684,13.11763687,0,0,0,0,0,0,5
23.14202316,73.4348244,19.22918177,150.7136297,27.3044732,-0.334240614,11.67607043,-0.514337334,44.74240987,0,0,0,0,0,0,5
11.96309308,80.45268888,53.146198,20.53076736,20.21587589,3.364651455,6.918008209,-0.418103004,47.73735217,0,0,0,0,0,0,5
25.30026499,73.38432428,26.46892845,27.45353263,0.4120106,2.674933753,8.740727062,-0.523181688,42.58535443,0,0,0,0,0,0,5
10,66.02361757,86.62424355,12.78703407,7.720430626,1.719150149,6.716807358,-0.518928489,46.43851846,0,0,0,0,0,1,5
5,93.44423739,88.52504154,17.05261587,8.012288427,9.449823043,10.23489106,-0.38884726,19.81675695,0,0,0,0,0,0,5
15,85.31342988,50.1,5.698597562,21.68737805,4.12464939,8.005609753,-0.686027568,29.41003051,0,0,0,0,0,1,5
15.76844123,85.46864651,65.28074444,17.10614481,38.48617757,2.192418228,8.81977555,-0.450174202,27.02489396,0,0,0,0,0,0,5
6.139670828,76.64481158,61.19088763,10.99563451,40.34966629,3.858874007,9.030844495,-0.401954022,46.65547446,0,0,0,0,0,0,5
10,80.55482943,62.79001963,14.4168184,8.134154596,4.868826993,6.570576689,-0.473897519,32.09089448,0,0,0,0,0,0,5
13.46588143,86.92842403,70.82380998,16.12842403,8.035247739,6.694305459,2.750024339,-0.495121297,53.41801809,0,0,0,0,0,0,5
24.91608294,70.9627991,39.79939665,31.53822733,10.632263,4.628531801,6.238601848,-0.507795927,12.56643318,1,0,0,0,0,0,5
14.54810986,66.94955347,52.32127173,27.96999936,38.26738741,0.635567043,9.474330208,-0.285158164,44.94872763,0,0,0,0,0,0,5
31.28653778,62.17192267,21.95792478,36.99005764,0.767249912,1.821634446,6.614594726,-0.522911919,17.06663269,0,0,0,0,0,0,5
16.07554237,84.57733729,52.03694085,19.72938661,18.73367254,4.519046357,4.917572965,-0.477033418,25.56501483,0,0,0,0,0,0,5
10,88.6365099,63.83841584,18.40055074,10.63269802,5.238966585,5.587462871,-0.488619254,32.91634901,0,0,0,0,1,0,5
6.558334843,76.45316778,52.10127807,14.29727952,27.42222021,5.022110648,7.60261092,-0.404434433,55.15988682,0,0,0,0,0,0,5
11.48743266,87.88170555,74.89538603,8.738276425,54.16073621,7.737989225,2.756283671,-0.43742668,32.70445254,1,0,0,0,0,0,5
18.70654967,85.44284676,54.44993294,28.30822062,11.22460044,1.2966581,6.063837041,-0.435157127,38.47633845,0,0,0,0,0,0,5
23.33222329,87.42576282,9.663447533,121.4068184,0.566844274,8.467377096,15.80086584,-0.517066261,46.05132583,1,0,0,0,0,0,5
10,76.19520587,89.76408724,10.36268596,71.65444381,7.401598044,7.021278435,-0.461248109,29.91124147,0,0,0,0,0,0,5
11.57934882,59.52695811,78.18056923,37.30203548,5.763021401,-10.4819422,8.868413024,-0.523395389,102.2465937,0,0,0,0,0,1,5
15,84.94376901,50.1,5.653790184,21.28411165,4.113447546,8.184839266,-0.687772618,28.13302023,0,0,0,0,0,1,5
10,73.53778514,73.81187216,18.73150712,9.897945319,2.36929226,6.32477166,-0.515748627,88.95228189,0,0,0,0,0,1,5
10,86.73137618,65.84091526,17.13559886,24.86201226,7.108807204,3.234311912,-0.467700596,27.50715842,0,0,0,0,0,0,5
9.879673839,78.91095864,52.74340361,18.12789049,22.99376821,4.003566689,7.18190798,-0.412834061,50.59858126,0,0,0,0,0,0,5
10,74.3338952,77.03259976,10.64302435,7.91877343,4.987874538,27.2964733,-0.519309616,18.76167282,0,0,0,0,0,0,5
15,90.2,67.48147768,20.33629554,29.69186249,8.108886609,7.243037428,-0.478449298,8.781477682,1,0,0,0,0,0,5
11.87718776,79.0224622,72.96391597,4.523512325,49.24148355,4.539293962,16.36665674,-0.463155471,10.7733373,0,0,0,0,0,0,5
27.14311003,53.77169664,53.74180006,16.7075538,7.749884935,3.742862201,14.45735023,-0.508837206,34.37871937,0,0,0,0,0,1,5
10,65.10899136,92.6149856,9.337060484,4.89700288,4.053544643,7.991008641,-0.521856104,30.76783871,0,0,0,0,0,1,5
12.40261184,68.52176299,54.39447207,11.10389553,8.108139769,5.579542928,6.920457072,-0.325875231,38.40776882,0,0,0,0,0,0,5
10,67.46113893,72.2552575,8.516583214,4.138861071,4.0720275,35.43479572,-0.42895493,24.86952393,0,0,0,0,0,1,5
33.56711926,73.67205872,8.973868635,30.90980403,1.353205137,4,21.5262444,-0.519440411,52.70723965,0,0,0,0,0,1,5
10,66.32620665,68.39719487,26.62146847,10.26993932,6.341192783,63.15583733,-0.514529213,90.90069525,0,0,0,0,0,1,5
25.86703604,81.32254847,42.17168973,14.5971191,32.38249311,3.257950135,8.332797794,-0.467643249,13.9942382,0,0,0,0,0,0,5
10,65.11673999,69.61537814,27.96304911,13.05505273,3.629261824,45.72780945,-0.509140828,57.30694184,0,0,0,0,0,1,5
17.79713059,74.12828108,32.51435253,184.6942284,3.71127113,6.952459106,3.246106188,-0.511580765,27.53586765,1,0,0,0,0,0,5
15,86.12200937,73.7631471,15.32354491,7.021307476,7.403582921,1.447089822,-0.496749941,62.22360322,1,0,0,0,0,0,5
9.827515288,80.41716621,84.72365427,9.410390215,74.49244249,-1.644722627,12.33786437,-0.338888566,12.30755751,0,0,0,0,0,0,5
23.89021126,94.6493901,21.78021415,11.93222254,3.562778904,7.488783099,12.36920561,-0.511249212,57.75795905,0,0,0,0,0,0,5
10,82.82228026,95.39813401,3.292228026,62.63979287,5.647564841,5.223315923,-0.481858771,44.89025936,1,0,0,0,0,0,5
10.98276292,80.80689483,82.93650768,8.53380463,65.0906371,-0.658271303,11.50964777,-0.424159911,14.37380962,0,0,0,0,0,0,5
10,85.13901968,80.14007055,4.99125139,66.76456739,7.707174155,4.08267731,-0.426234402,39.72187153,0,0,0,0,0,0,5
8.707241817,93.64409865,80.48511586,19.37719564,6.714452982,8.149799746,9.363112509,-0.415536691,22.01485349,0,0,0,0,0,0,5
10.0010577,75.49801152,62.5976096,1.50615582,0.70873661,1.99968269,22.29701728,-0.44292845,8.208546224,0,0,0,0,0,0,5
39.61786282,67.48407018,0,37.48535885,1.9,4.137569386,25.15285487,-0.518294616,41.7242169,0,0,0,0,0,1,5
12.88737658,75.4,35.96205499,2.4,1.146485189,2.02970378,16.72267416,-0.476942944,8.569009874,0,0,0,0,0,1,5
15,90.2,67.53350648,20.3467013,29.54618186,8.140103888,6.223273001,-0.477140588,8.83350648,1,0,0,0,0,0,5
18.2598914,78.93700543,44.34982153,25.33300236,24.60170679,0.614119455,5.543165249,-0.501132768,39.58889069,0,0,0,0,0,0,5
10.47922613,86.21789407,54.98243578,22.05561687,12.12011418,5.275401205,3.246317792,-0.517811149,31.84409768,0,0,0,0,0,0,5
9.524928715,78.36911201,56.09667617,18.69642444,24.1650998,-2.52185662,7.785512831,-0.489958781,42.91520896,0,0,0,0,0,0,5
15,64.81179852,49.86855843,32.68112236,41.02283165,7.958290716,7.220471941,-0.230608114,44.75274241,0,0,0,0,1,0,5
10,80.48424191,68.48019589,12.36303238,9.20242761,2.462223172,30.34386722,-0.519233143,49.14697582,0,0,0,0,0,0,5
15,90.2,67.76174227,20.39234845,28.90712164,8.277045364,1.749851447,-0.471399643,9.061742273,1,0,0,0,0,0,5
17.06109765,84.87177078,66.01477405,22.74663436,29.63148109,1.517169493,7.927842621,-0.439870444,29.49968924,0,0,0,0,0,0,5
10,70.435095,86.22044701,18.68705022,50.9930282,6.491653656,6.931005597,-0.472404109,34.66592164,0,0,0,0,0,1,5
14.51796428,89.85293428,68.07125715,18.93101855,32.24383145,7.971077857,10.07694642,-0.483500594,9.390538581,1,0,0,0,0,0,5
15,90.27087726,69.49719507,20.22912274,29.63298192,8,3.287010423,-0.482549265,8.6,1,0,0,0,0,0,5
30,80.30138148,42.76864993,10.84378336,36.46843799,2.549309262,9.950690738,-0.433747089,9.727417584,0,0,1,0,0,0,5
38.26574109,66.35944466,4.370332448,37.47860188,1.674546342,3.566435273,21.3407137,-0.518910843,36.95736211,0,0,0,0,0,0,5
19.91320922,78.85433954,40.97705319,28.34204078,29.06566489,-1.204530141,6.07222695,-0.503000349,47.34295124,0,0,0,0,0,0,5
36.79594023,63.97165604,13.50511195,32.63370735,3.405908094,4.464588667,22.1163462,-0.514281256,39.19256949,0,0,0,0,0,1,5
38.79350285,66.67610171,3.040372811,37.5155452,1.743155371,3.698375713,22.45429102,-0.518608285,38.46148313,0,0,0,0,0,0,5
15,66.77431845,41.31197156,29.54109048,41.49383643,4.347254054,7.298972738,-0.174917214,46.87226392,0,0,0,0,1,0,5
15.78990664,69.65457987,50.27312137,29.7784971,36.86560685,0.67377946,7.836642946,-0.298817848,46.90959979,0,0,0,0,0,0,5
5,86.46898763,74.71198535,15.74690409,16.32761081,6.254265267,9.238426804,-0.337459988,31.15583292,0,0,0,0,0,0,5
30,80.38416711,43.88625593,10.47124802,36.07520625,2.507916447,9.992083553,-0.426720741,9.872292436,0,0,1,0,0,0,5
11.5414799,75.4,33.83553824,2.4,0.984977588,-1.200448249,13.16950693,-0.464721196,8.676681608,0,0,0,0,0,1,5
10.93070628,63.61644014,69.21195517,26.23994662,11.43641345,-3.120106752,78.95462371,-0.512014576,58.69442981,0,0,0,0,0,1,5
10,74.09388239,73.21110877,13.35395309,6.457398368,4.824955812,35.98573352,-0.431456529,25.19982325,0,0,0,0,0,0,5
10,79.78390154,92.3394552,8.566155565,71.86258353,7.765079095,6.092970135,-0.441660366,32.95385756,0,0,0,0,0,0,5
11.7553757,75.4,34.1734936,2.4,1.010645084,-0.687098322,13.73419185,-0.46666353,8.659569944,0,0,0,0,0,1,5
17.522827,79.45319578,46.35799831,18.49178228,15.49726076,4.603652321,4.903652321,-0.499714266,21.42397722,0,0,0,0,1,0,5
12.03022738,87.70367721,68.03864112,16.90367721,9.097631739,6.033904595,4.013399906,-0.493591529,44.91894609,0,0,0,0,0,0,5
20,79.04412573,44.05695759,37.60647486,14.04697062,7.991977141,5.825604072,-0.504107576,16.76586124,0,0,0,0,0,0,5
10,74.12310202,95.35313526,12.06204654,77.68250883,8.755445667,7.760726158,-0.449447009,22.05445461,0,0,0,0,0,0,5
35.98390687,64.99034412,10.12055468,37.31887348,1.377907893,2.995976718,16.5260435,-0.520218986,30.45413459,0,0,0,0,0,0,5
28.26478192,80.10501293,41.3062989,15.34537152,37.63110499,2.083547662,9.635604204,-0.417343762,15.29652822,0,0,0,0,0,0,5
15,90.2,67.48041784,20.33608357,29.69483004,8.108250705,7.263810289,-0.478475957,8.780417842,1,0,0,0,0,0,5
11.18950413,87.88507272,63.47539338,21.6528281,15.51043634,5.889912393,6.637084291,-0.486502285,27.2476397,0,0,0,0,0,0,5
32.04138732,64.06208097,16.62740328,30.28139505,3.754063949,6.01696493,23.05518309,-0.517411103,36.72028365,0,0,0,0,0,1,5
10,77.54028279,83.60568627,11.44597286,45.62606333,5.188309451,4.502053796,-0.461525216,49.83096406,0,0,0,0,0,0,5
30,80.09751234,40.01641661,11.76119446,37.43681638,2.651243829,9.848756171,-0.451050281,9.370646598,0,0,1,0,0,0,5
7.425545163,78.16214329,71.78649214,9.298280385,52.59118995,2.007214966,10.41958878,-0.403601995,34.64540818,0,0,0,0,0,0,5
18.02999379,70.37361789,20.09406334,214.8951993,6.891818258,8.078392051,12.92338274,-0.51341351,9.574230181,0,0,0,0,0,0,5
5,84.94099936,71.27481871,14.86204484,18.07541576,7.813839846,9.101534914,-0.401469768,37.7769763,0,0,0,0,0,0,5
12.58935858,88.80897666,64.62327403,21.00889505,21.05385997,6.701827975,8.092932921,-0.489835481,20.3603558,0,0,0,0,0,0,5
